id,nameChinese,nameEnglish,nameGerman,meridian,element,location,depth,frequency,harmonicFrequencies,pointTypes,functions,indications,precautions,chakraCorrespondence
LU1,Zhongfu,Central Treasury,Zentralspeicher,LU,metal,"6 cun lateral zur vorderen Mittellinie, im 1. ICR",0.5-0.8 cun schräg lateral,384,768; 1152; 1536; 1920,mu_front,Zerstreut Hitze; Reguliert Lungen-Qi; Stoppt Husten,Husten; Asthma; Brustschmerzen; Schulterschmerzen,Nicht tief stechen - Pneumothorax-Risiko,anahata
LU2,Yunmen,Cloud Gate,Wolkentor,LU,metal,"6 cun lateral zur vorderen Mittellinie, unter der Clavicula",0.5-0.8 cun schräg lateral,388.8,777.6; 1166.4; 1555.2; 1944,regular,Zerstreut Lungen-Qi; Klärt Hitze,Husten; Asthma; Schulterschmerzen,Nicht tief stechen,
LU3,Tianfu,Celestial Storehouse,Himmelsspeicher,LU,metal,"3 cun unter dem vorderen Achselfalten-Ende, am lateralen Rand des M. biceps",0.5-1 cun,393.6,787.2; 1180.8; 1574.4; 1968,regular,Klärt Lungen-Hitze; Kühlt Blut,Asthma; Nasenbluten; Oberarmschmerzen,,
LU4,Xiabai,Guarding White,Weißer Wächter,LU,metal,4 cun unter dem vorderen Achselfalten-Ende,0.5-1 cun,398.4,796.8; 1195.2; 1593.6; 1992,regular,Reguliert Qi im Brustkorb,Husten; Atemnot; Herzschmerzen,,
LU5,Chize,Cubit Marsh,Ellenbogensee,LU,metal,"In der Ellenbogenfalte, radial der Bizepssehne",0.8-1.2 cun,432,864; 1296; 1728; 2160,he_sea,Klärt Lungen-Hitze; Senkt rebellierendes Qi; Entspannt Sehnen,Husten; Hämoptyse; Fieber; Ellenbogenschmerzen,,ajna
LU6,Kongzui,Maximum Opening,Tiefste Öffnung,LU,metal,"7 cun proximal der Handgelenksfalte, auf der Verbindung LU5-LU9",0.5-1 cun,408,816; 1224; 1632; 2040,xi_cleft,Klärt Hitze; Stoppt Blutungen; Lindert Husten,Akuter Husten; Asthma; Hämoptyse; Halsschmerzen,,
LU7,Lieque,Broken Sequence,Unterbrochene Reihe,LU,metal,"1.5 cun proximal der Handgelenksfalte, über dem Proc. styloideus radii",0.3-0.5 cun schräg,460.8,921.6; 1382.4; 1843.2; 2304,luo_connecting; confluent,Öffnet Ren Mai; Zerstreut Wind; Fördert Lungen-Qi-Absenkung,Kopfschmerzen; Nackensteifigkeit; Husten; Asthma; Handgelenkschmerzen,,vishuddha
LU8,Jingqu,Channel Ditch,Kanalrinne,LU,metal,"1 cun proximal der Handgelenksfalte, in der Vertiefung radial der A. radialis",0.3-0.5 cun,480,960; 1440; 1920; 2400,jing_river,Senkt Lungen-Qi; Klärt Hitze,Husten; Asthma; Halsschmerzen; Handgelenkschmerzen,,
LU9,Taiyuan,Supreme Abyss,Großer Abgrund,LU,metal,"In der Handgelenksfalte, radial der A. radialis",0.3-0.5 cun,512,1024; 1536; 2048; 2560,shu_stream; yuan_source; hui_meeting,Tonisiert Lungen-Qi; Stärkt Blutgefäße; Transformiert Schleim,Husten; Asthma; Pulsdiagnose; Handgelenkschmerzen,,vishuddha
LU10,Yuji,Fish Border,Fischrand,LU,metal,"Am Thenarrand, auf der Grenze zwischen roter und weißer Haut",0.5-1 cun,537.6,1075.2; 1612.8; 2150.4; 2688,ying_spring,Klärt Lungen-Hitze; Befeuchtet Kehle,Halsschmerzen; Heiserkeit; Fieber,,
LU11,Shaoshang,Lesser Shang,Kleines Shang,LU,metal,"Am Daumen, 0.1 cun proximal des radialen Nagelwinkelwinkels",0.1 cun oder Blutenlassen,576,1152; 1728; 2304; 2880,jing_well,Klärt Hitze; Belebt Bewusstsein; Lindert Halsschmerzen,Akute Halsschmerzen; Fieber; Bewusstlosigkeit; Epistaxis,,
LI1,Shangyang,Shang Yang,Metall-Yang,LI,metal,"Am Zeigefinger, 0.1 cun proximal des radialen Nagelwinkels",0.1 cun oder Blutenlassen,387.2,774.4; 1161.6; 1548.8; 1936,jing_well,Klärt Hitze; Belebt Bewusstsein,Zahnschmerzen; Halsschmerzen; Taubheitsgefühl der Finger,,
LI2,Erjian,Second Space,Zweiter Zwischenraum,LI,metal,"Radial am Zeigefinger, distal des 2. MCP-Gelenks",0.2-0.3 cun,391.7,783.4; 1175.1; 1566.8; 1958.5,ying_spring,Klärt Yang-Ming-Hitze,Zahnschmerzen; Halsschmerzen; Nasenbluten,,
LI3,Sanjian,Third Space,Dritter Zwischenraum,LI,metal,"Radial am Zeigefinger, proximal des 2. MCP-Gelenks",0.5-1 cun,396.2,792.4; 1188.6; 1584.8; 1981,shu_stream,Zerstreut Wind und Hitze; Klärt Yang-Ming,Zahnschmerzen; Halsschmerzen; Rötung und Schwellung des Auges,,
LI4,Hegu,Union Valley,Vereinigte Täler,LI,metal,"Im 1. Intermetakarpalraum, auf der Höhe der Mitte des 2. Metakarpale",0.5-1 cun,432,864; 1296; 1728; 2160,yuan_source,Zerstreut Wind und Hitze; Öffnet die Oberfläche; Lindert Schmerzen,Kopfschmerzen; Zahnschmerzen; Gesichtsschmerzen; Erkältung,Kontraindiziert in der Schwangerschaft,ajna
LI5,Yangxi,Yang Stream,Yang-Bach,LI,metal,"Auf der radialen Seite des Handgelenks, in der Tabatiere",0.5-0.8 cun,410.4,820.8; 1231.2; 1641.6; 2052,jing_river,Klärt Yang-Ming-Hitze; Lindert Schmerzen,Handgelenkschmerzen; Kopfschmerzen; Zahnschmerzen,,
LI6,Pianli,Side Passage,Seitenpassage,LI,metal,"3 cun proximal von LI5, auf der Verbindung LI5-LI11",0.5-1 cun,405.6,811.2; 1216.8; 1622.4; 2028,luo_connecting,Öffnet Wasserwege; Zerstreut Wind,Ödeme; Tinnitus; Nasenbluten,,
LI7,Wenliu,Warm Flow,Warmer Fluss,LI,metal,5 cun proximal von LI5,0.5-1 cun,414.8,829.6; 1244.4; 1659.2; 2074,xi_cleft,Klärt Hitze; Beruhigt Geist,Akute Halsschmerzen; Gesichtsschwellung; Zungengeschwür,,
LI8,Xialian,Lower Ridge,Unterer Kamm,LI,metal,4 cun distal von LI11,0.5-1 cun,400.8,801.6; 1202.4; 1603.2; 2004,regular,Reguliert Darm-Qi,Bauchschmerzen; Ellenbogenschmerzen,,
LI9,Shanglian,Upper Ridge,Oberer Kamm,LI,metal,3 cun distal von LI11,0.5-1 cun,419.2,838.4; 1257.6; 1676.8; 2096,regular,Reguliert Darm-Qi,Bauchschmerzen; Armschmerzen; Hemiplegie,,
LI10,Shousanli,Arm Three Miles,Drei Meilen des Arms,LI,metal,2 cun distal von LI11,1-1.5 cun,424,848; 1272; 1696; 2120,regular,Reguliert Qi und Blut; Harmonisiert Magen-Darm,Bauchschmerzen; Durchfall; Zahnschmerzen; Armschwäche,,
LI11,Quchi,Pool at the Bend,Teich an der Beuge,LI,metal,Am lateralen Ende der Ellenbogenfalte bei gebeugtem Arm,1-1.5 cun,460.8,921.6; 1382.4; 1843.2; 2304,he_sea,Klärt Hitze; Kühlt Blut; Zerstreut Wind,Fieber; Hauterkrankungen; Hypertonie; Ellenbogenschmerzen,,anahata
LI12,Zhouliao,Elbow Bone Hole,Ellenbogen-Vertiefung,LI,metal,1 cun lateral und proximal von LI11,0.5-1 cun,428.8,857.6; 1286.4; 1715.2; 2144,regular,Entspannt Sehnen,Ellenbogenschmerzen; Armschwäche,,
LI13,Shouwuli,Arm Five Miles,Fünf Meilen des Arms,LI,metal,"3 cun proximal von LI11, am lateralen Rand des Humerus",0.5-1 cun,433.6,867.2; 1300.8; 1734.4; 2168,regular,Reguliert Qi,Oberarmschmerzen; Skrofulose,,
LI14,Binao,Upper Arm,Oberarm,LI,metal,"Am unteren Rand des M. deltoideus, 7 cun proximal von LI11",0.5-1 cun,438.4,876.8; 1315.2; 1753.6; 2192,regular,Reguliert Qi; Belebt Blut,Schulterschmerzen; Augenerkrankungen,,
LI15,Jianyu,Shoulder Bone,Schulterknochen,LI,metal,In der vorderen Grube des Schulterdaches bei abduziertem Arm,0.8-1.5 cun,443.2,886.4; 1329.6; 1772.8; 2216,regular,Zerstreut Wind; Löst Feuchtigkeit,Schulterschmerzen; Frozen Shoulder; Armlähmung,,
LI16,Jugu,Great Bone,Großer Knochen,LI,metal,In der Vertiefung zwischen Akromion und Spina scapulae,0.5-1 cun,448,896; 1344; 1792; 2240,regular,Zerstreut Wind; Öffnet Kollateralen,Schulterschmerzen; Nackenschmerzen,,
LI17,Tianding,Celestial Tripod,Himmlischer Dreifuß,LI,metal,"Am Hals, 1 cun unter LI18, am Hinterrand des M. SCM",0.5-0.8 cun,452.8,905.6; 1358.4; 1811.2; 2264,regular,Befeuchtet Kehle; Zerstreut Schwellung,Halsschmerzen; Heiserkeit; Schluckbeschwerden,,
LI18,Futu,Support the Prominence,Stütze des Kehlkopfes,LI,metal,"Auf Höhe des Adamsapfels, am Hinterrand des M. SCM",0.3-0.5 cun,457.6,915.2; 1372.8; 1830.4; 2288,regular,Reguliert Qi; Zerstreut Schwellung,Husten; Heiserkeit; Halsschmerzen,Nicht tief stechen - Gefäße,
LI19,Kouheliao,Mouth Grain Bone Hole,Mundkornvertiefung,LI,metal,0.5 cun lateral des Philtrums,0.3-0.5 cun,462.4,924.8; 1387.2; 1849.6; 2312,regular,Zerstreut Wind; Öffnet Nasenpassage,Nasenbluten; verstopfte Nase; Gesichtslähmung,,
LI20,Yingxiang,Welcome Fragrance,Duft empfangen,LI,metal,"In der Nasolabialfalte, auf Höhe des Nasenflügels",0.3-0.5 cun schräg,480,960; 1440; 1920; 2400,regular,Zerstreut Wind; Öffnet Nasenpassage,Rhinitis; Sinusitis; Gesichtslähmung; Juckreiz im Gesicht,,ajna
ST1,Chengqi,Container of Tears,Tränenhalter,ST,earth,"Direkt unter der Pupille, am Unterrand der Orbita",0.3-0.7 cun entlang der Orbita,256,512; 768; 1024; 1280,regular,Klärt Hitze; Erhellt Augen,Augenerkrankungen; Tränenfluss; Gesichtslähmung,Vorsicht - Orbita,
ST2,Sibai,Four Whites,Vier Weiße,ST,earth,"Direkt unter der Pupille, im Foramen infraorbitale",0.3-0.5 cun,259.2,518.4; 777.6; 1036.8; 1296,regular,Zerstreut Wind; Erhellt Augen,Augenerkrankungen; Gesichtslähmung; Trigeminusneuralgie,,
ST3,Juliao,Great Bone Hole,Große Knochenvertiefung,ST,earth,"Direkt unter ST2, auf Höhe des Nasenflügels",0.3-0.5 cun,262.4,524.8; 787.2; 1049.6; 1312,regular,Zerstreut Wind; Lindert Schwellung,Gesichtslähmung; Nasenbluten; Zahnschmerzen,,
ST4,Dicang,Earth Granary,Irdischer Speicher,ST,earth,0.4 cun lateral des Mundwinkels,0.3-0.5 cun schräg,265.6,531.2; 796.8; 1062.4; 1328,regular,Zerstreut Wind; Aktiviert Kollateralen,Gesichtslähmung; Speichelfluss; Trigeminusneuralgie,,
ST5,Daying,Great Welcome,Großer Empfang,ST,earth,"Am Vorderrand des M. masseter, in der Vertiefung vor dem Unterkieferwinkel",0.3-0.5 cun,268.8,537.6; 806.4; 1075.2; 1344,regular,Zerstreut Wind; Lindert Schwellung,Zahnschmerzen; Kiefergelenksprobleme; Gesichtslähmung,,
ST6,Jiache,Jaw Bone,Kieferknochen,ST,earth,"Einen Fingerbreit vor und oberhalb des Kieferwinkels, am höchsten Punkt des M. masseter",0.3-0.5 cun,272,544; 816; 1088; 1360,regular,Zerstreut Wind; Aktiviert Kollateralen,Zahnschmerzen; Kiefergelenksprobleme; Gesichtslähmung; Parotitis,,
ST7,Xiaguan,Below the Joint,Unter dem Gelenk,ST,earth,"In der Vertiefung unter dem Jochbeinbogen, vor dem Kiefergelenk",0.5-1 cun,275.2,550.4; 825.6; 1100.8; 1376,regular,Zerstreut Wind; Aktiviert Kollateralen; Lindert Schmerzen,Kiefergelenksprobleme; Tinnitus; Schwerhörigkeit; Zahnschmerzen,,
ST8,Touwei,Head Corner,Kopfecke,ST,earth,"0.5 cun hinter dem Haaransatz, am Stirneck",0.5-1 cun schräg,278.4,556.8; 835.2; 1113.6; 1392,regular,Zerstreut Wind; Lindert Schmerzen,Kopfschmerzen; Migräne; Verschwommenes Sehen,,
ST25,Tianshu,Celestial Pivot,Himmelsscharnier,ST,earth,2 cun lateral des Nabels,1-1.5 cun,320,640; 960; 1280; 1600,mu_front,Reguliert Magen-Darm; Lindert Stagnation; Tonisiert Milz,Bauchschmerzen; Durchfall; Verstopfung; Dysmenorrhoe,,manipura
ST36,Zusanli,Leg Three Miles,Drei Meilen des Beins,ST,earth,"3 cun unter ST35, 1 Fingerbreit lateral der Tibiakante",1-2 cun,341.3,682.6; 1023.9; 1365.2; 1706.5,he_sea,Stärkt Milz und Magen; Tonisiert Qi und Blut; Stärkt Abwehr,Magenprobleme; Erschöpfung; Immunschwäche; Knieschmerzen,,manipura
ST40,Fenglong,Abundant Bulge,Üppige Erhebung,ST,earth,"8 cun über dem Außenknöchel, 2 Fingerbreit lateral der Tibiakante",1-1.5 cun,307.2,614.4; 921.6; 1228.8; 1536,luo_connecting,Transformiert Schleim; Beruhigt Geist; Klärt Hitze,Husten mit Schleim; Schwindel; Epilepsie; Beinschwellung,,
ST44,Neiting,Inner Court,Innerer Hof,ST,earth,"Zwischen 2. und 3. Zehe, proximal des Schwimmhautrand",0.3-0.5 cun,358.4,716.8; 1075.2; 1433.6; 1792,ying_spring,Klärt Magen-Hitze; Lindert Schmerzen,Zahnschmerzen; Gesichtsschmerzen; Gastritis; Fußschmerzen,,
ST45,Lidui,Severe Mouth,Strenger Mund,ST,earth,"Am 2. Zeh, 0.1 cun lateral des Nagelwinkels",0.1 cun oder Blutenlassen,384,768; 1152; 1536; 1920,jing_well,Klärt Hitze; Beruhigt Geist,Gesichtsschwellung; Alpträume; Manie,,
SP1,Yinbai,Hidden White,Verborgenes Weiß,SP,earth,"Am großen Zeh, 0.1 cun proximal des medialen Nagelwinkels",0.1 cun oder Blutenlassen,256,512; 768; 1024; 1280,jing_well,Stärkt Milz; Stoppt Blutungen; Beruhigt Geist,Menorrhagie; Uterusblutung; Schlaflosigkeit; Alpträume,,muladhara
SP2,Dadu,Great Metropolis,Große Stadt,SP,earth,"Medial am großen Zeh, distal des 1. MTP-Gelenks",0.3-0.5 cun,262.4,524.8; 787.2; 1049.6; 1312,ying_spring,Klärt Milz-Hitze; Reguliert Qi,Bauchschmerzen; Blähungen; Fieber ohne Schwitzen,,
SP3,Taibai,Supreme White,Höchstes Weiß,SP,earth,"Medial am Fuß, proximal des 1. MTP-Gelenks",0.5-1 cun,272,544; 816; 1088; 1360,shu_stream; yuan_source,Stärkt Milz; Löst Feuchtigkeit; Harmonisiert Magen,Bauchschmerzen; Durchfall; Schwere der Glieder; Fußschmerzen,,manipura
SP4,Gongsun,Yellow Emperor,Gelber Kaiser,SP,earth,"Medial am Fuß, in der Vertiefung distal der Basis des 1. Metatarsale",0.5-1 cun,288,576; 864; 1152; 1440,luo_connecting; confluent,Stärkt Milz; Reguliert Chong Mai; Harmonisiert Magen,Magenschmerzen; Übelkeit; Dysmenorrhoe; Herzschmerzen,,manipura
SP5,Shangqiu,Shang Mound,Shang-Hügel,SP,earth,In der Vertiefung vor und unter dem medialen Malleolus,0.3-0.5 cun,298.7,597.4; 896.1; 1194.8; 1493.5,jing_river,Stärkt Milz; Löst Feuchtigkeit,Knöchelschwellung; Bauchschmerzen; Verstopfung,,
SP6,Sanyinjiao,Three Yin Intersection,Treffpunkt der drei Yin,SP,earth,"3 cun über dem medialen Malleolus, am Hinterrand der Tibia",1-1.5 cun,307.2,614.4; 921.6; 1228.8; 1536,regular,Stärkt Milz; Nährt Leber und Nieren; Reguliert Menstruation,Gynäkologische Beschwerden; Verdauungsprobleme; Schlaflosigkeit; Schmerzen,Kontraindiziert in der Schwangerschaft,svadhisthana
SP7,Lougu,Leaking Valley,Leckendes Tal,SP,earth,6 cun über dem medialen Malleolus,1-1.5 cun,312,624; 936; 1248; 1560,regular,Löst Feuchtigkeit; Reguliert Wasserwege,Bauchblähung; Ödeme; Knieschmerzen,,
SP8,Diji,Earth Pivot,Erd-Drehpunkt,SP,earth,"3 cun unter SP9, am Hinterrand der Tibia",1-1.5 cun,316.8,633.6; 950.4; 1267.2; 1584,xi_cleft,Reguliert Menstruation; Löst Blut-Stase,Dysmenorrhoe; Bauchschmerzen; Ödeme,,
SP9,Yinlingquan,Yin Mound Spring,Yin-Hügel-Quelle,SP,earth,In der Vertiefung unter dem medialen Tibiakondylus,1-2 cun,326.4,652.8; 979.2; 1305.6; 1632,he_sea,Löst Feuchtigkeit; Öffnet Wasserwege; Stärkt Milz,Ödeme; Harnprobleme; Knieschmerzen; Durchfall,,manipura
SP10,Xuehai,Sea of Blood,Meer des Blutes,SP,earth,2 cun über dem medialen Patellarand,1-1.5 cun,332.8,665.6; 998.4; 1331.2; 1664,regular,Belebt Blut; Kühlt Blut; Reguliert Menstruation,Hauterkrankungen; Menstruationsstörungen; Knieschmerzen,,anahata
SP11,Jimen,Winnowing Gate,Worfelndes Tor,SP,earth,"6 cun über SP10, am medialen Oberschenkel",0.5-1 cun,339.2,678.4; 1017.6; 1356.8; 1696,regular,Reguliert Wasserwege,Harnverhalt; Leistenschmerzen,,
SP12,Chongmen,Rushing Gate,Drängendes Tor,SP,earth,"3.5 cun lateral der vorderen Mittellinie, am oberen Rand des Schambeins",0.5-1 cun,345.6,691.2; 1036.8; 1382.4; 1728,regular,Reguliert Qi; Lindert Schmerzen,Leistenschmerzen; Hernie,,
SP13,Fushe,Bowel Abode,Darmwohnung,SP,earth,"4 cun lateral des Nabels, 0.7 cun über SP12",1-1.5 cun,352,704; 1056; 1408; 1760,regular,Reguliert Darm-Qi,Bauchschmerzen; Hernie,,
SP14,Fujie,Abdomen Bind,Bauchband,SP,earth,"4 cun lateral des Nabels, 1.3 cun unter SP15",1-1.5 cun,358.4,716.8; 1075.2; 1433.6; 1792,regular,Reguliert Darm-Qi,Bauchschmerzen; Durchfall; Verstopfung,,
SP15,Daheng,Great Horizontal,Große Horizontale,SP,earth,4 cun lateral des Nabels,1-2 cun,364.8,729.6; 1094.4; 1459.2; 1824,regular,Stärkt Milz; Reguliert Darm-Qi,Bauchschmerzen; Durchfall; Verstopfung; Erschöpfung,,
SP16,Fuai,Abdomen Sorrow,Bauchkummer,SP,earth,"3 cun über dem Nabel, 4 cun lateral der Mittellinie",1-1.5 cun,371.2,742.4; 1113.6; 1484.8; 1856,regular,Reguliert Darm-Qi,Bauchschmerzen; Verdauungsstörungen,,
SP17,Shidou,Food Hole,Speisenhöhle,SP,earth,"Im 5. ICR, 6 cun lateral der vorderen Mittellinie",0.5-0.8 cun schräg,377.6,755.2; 1132.8; 1510.4; 1888,regular,Reguliert Qi im Brustkorb,Brustschmerzen; Rippenschmerzen,Nicht tief stechen - Pneumothorax-Risiko,
SP18,Tianxi,Celestial Ravine,Himmlische Schlucht,SP,earth,"Im 4. ICR, 6 cun lateral der vorderen Mittellinie",0.5-0.8 cun schräg,384,768; 1152; 1536; 1920,regular,Reguliert Lungen-Qi; Fördert Laktation,Brustschmerzen; Husten; Mastitis,Nicht tief stechen,
SP19,Xiongxiang,Chest Village,Brustdorf,SP,earth,"Im 3. ICR, 6 cun lateral der vorderen Mittellinie",0.5-0.8 cun schräg,390.4,780.8; 1171.2; 1561.6; 1952,regular,Reguliert Qi im Brustkorb,Brustschmerzen; Rippenschmerzen,Nicht tief stechen,
SP20,Zhourong,Encircling Glory,Umgebender Glanz,SP,earth,"Im 2. ICR, 6 cun lateral der vorderen Mittellinie",0.5-0.8 cun schräg,396.8,793.6; 1190.4; 1587.2; 1984,regular,Reguliert Qi; Lindert Husten,Husten; Atemnot; Rippenschmerzen,Nicht tief stechen,
SP21,Dabao,Great Embracement,Große Umarmung,SP,earth,"Auf der mittleren Axillarlinie, im 6. ICR",0.5-0.8 cun schräg,403.2,806.4; 1209.6; 1612.8; 2016,luo_connecting,Reguliert Qi und Blut im ganzen Körper,Ganzkörperschmerzen; Schwäche der Extremitäten; Rippenschmerzen,Nicht tief stechen,anahata
HT1,Jiquan,Highest Spring,Höchste Quelle,HT,fire,"In der Achselhöhle, medial der A. axillaris",0.5-1 cun,341.3,682.6; 1023.9; 1365.2; 1706.5,regular,Reguliert Herz-Qi; Öffnet Brust; Belebt Arme,Herzschmerzen; Armschmerzen; Depression; Schulterschmerzen,Vorsicht - A. axillaris,anahata
HT2,Qingling,Cyan Spirit,Blaugrüner Geist,HT,fire,"3 cun über dem medialen Epikondylus, in der Furche des M. biceps",0.5-1 cun,349.9,699.8; 1049.7; 1399.6; 1749.5,regular,Reguliert Herz-Qi,Herzschmerzen; Schulterschmerzen; Rippenschmerzen,,
HT3,Shaohai,Lesser Sea,Kleines Meer,HT,fire,"Bei gebeugtem Ellenbogen, zwischen medialem Epikondylus und Ulnarer Flexorensehne",0.5-1 cun,358.4,716.8; 1075.2; 1433.6; 1792,he_sea,Beruhigt Herz; Transformiert Schleim; Aktiviert Kanal,Herzschmerzen; Ellenbogenschmerzen; Angst; Gedächtnisprobleme,,anahata
HT4,Lingdao,Spirit Pathway,Geistespfad,HT,fire,"1.5 cun proximal der Handgelenksfalte, radial der Sehne des M. flexor carpi ulnaris",0.3-0.5 cun,367,734; 1101; 1468; 1835,jing_river,Beruhigt Herz; Reguliert Qi,Herzschmerzen; Stimmverlust; Handgelenkschmerzen,,
HT5,Tongli,Connecting Li,Verbindung zum Inneren,HT,fire,"1 cun proximal der Handgelenksfalte, radial der Sehne des M. flexor carpi ulnaris",0.3-0.5 cun,375.5,751; 1126.5; 1502; 1877.5,luo_connecting,Beruhigt Herz; Stärkt Zunge; Reguliert Rhythmus,Herzrhythmusstörungen; Sprachstörungen; Handgelenkschmerzen,,vishuddha
HT6,Yinxi,Yin Cleft,Yin-Spalt,HT,fire,"0.5 cun proximal der Handgelenksfalte, radial der Sehne des M. flexor carpi ulnaris",0.3-0.5 cun,384.1,768.2; 1152.3; 1536.4; 1920.5,xi_cleft,Nährt Herz-Yin; Stoppt Nachtschweiß; Beruhigt Geist,Nachtschweiß; Herzschmerzen; Angst; Schlaflosigkeit,,
HT7,Shenmen,Spirit Gate,Tor des Geistes,HT,fire,"In der Handgelenksfalte, ulnar der Sehne des M. flexor carpi ulnaris",0.3-0.5 cun,392.6,785.2; 1177.8; 1570.4; 1963,shu_stream; yuan_source,Beruhigt Herz und Geist; Nährt Herz-Blut; Öffnet Sinne,Schlaflosigkeit; Angst; Depression; Herzrhythmusstörungen; Gedächtnisprobleme,,anahata
HT8,Shaofu,Lesser Mansion,Kleiner Palast,HT,fire,"In der Handfläche, zwischen 4. und 5. Metakarpale, wo der kleine Finger beim Faustschluss zeigt",0.3-0.5 cun,401.2,802.4; 1203.6; 1604.8; 2006,ying_spring,Klärt Herz-Hitze; Beruhigt Geist,Herzklopfen; Brustschmerzen; Juckreiz; Harnbeschwerden,,
HT9,Shaochong,Lesser Rushing,Kleines Drängen,HT,fire,"Am kleinen Finger, 0.1 cun proximal des radialen Nagelwinkels",0.1 cun oder Blutenlassen,409.7,819.4; 1229.1; 1638.8; 2048.5,jing_well,Belebt Bewusstsein; Klärt Hitze; Öffnet Sinne,Bewusstlosigkeit; Fieber; Herzschmerzen; Zungengeschwür,,
SI1,Shaoze,Lesser Marsh,Kleiner Sumpf,SI,fire,"Am kleinen Finger, 0.1 cun proximal des ulnaren Nagelwinkels",0.1 cun oder Blutenlassen,343.5,687; 1030.5; 1374; 1717.5,jing_well,Klärt Hitze; Fördert Laktation; Belebt Bewusstsein,Kopfschmerzen; Fieber; Laktationsprobleme; Konjunktivitis,,
SI2,Qiangu,Front Valley,Vorderes Tal,SI,fire,"Ulnar am kleinen Finger, distal des 5. MCP-Gelenks",0.3-0.5 cun,350.4,700.8; 1051.2; 1401.6; 1752,ying_spring,Klärt Hitze; Fördert Laktation,Fieber; Tinnitus; Kopfschmerzen,,
SI3,Houxi,Back Stream,Hinterer Bach,SI,fire,"Ulnar an der Hand, proximal des 5. MCP-Gelenks, bei geballter Faust",0.5-1 cun,357.3,714.6; 1071.9; 1429.2; 1786.5,shu_stream; confluent,Öffnet Du Mai; Zerstreut Wind; Lindert Nacken und Rücken,Nackensteifigkeit; Kopfschmerzen; Rückenschmerzen; Epilepsie,,vishuddha
SI4,Wangu,Wrist Bone,Handgelenkknochen,SI,fire,"Ulnar am Handgelenk, in der Vertiefung zwischen Os triquetrum und Os pisiforme",0.3-0.5 cun,364.2,728.4; 1092.6; 1456.8; 1821,yuan_source,Klärt Hitze; Aktiviert Kanal,Handgelenkschmerzen; Fieber; Gelbsucht,,
SI5,Yanggu,Yang Valley,Yang-Tal,SI,fire,"Ulnar am Handgelenk, in der Vertiefung zwischen Ulna und Os triquetrum",0.3-0.5 cun,371.1,742.2; 1113.3; 1484.4; 1855.5,jing_river,Klärt Hitze; Lindert Schwellung,Handgelenkschmerzen; Tinnitus; Fieber,,
SI6,Yanglao,Nursing the Aged,Pflege des Alten,SI,fire,"1 cun proximal von SI5, in der Vertiefung radial des Ulnaköpfchens",0.3-0.5 cun,378,756; 1134; 1512; 1890,xi_cleft,Erhellt Augen; Aktiviert Kanal,Sehstörungen; Schulter- und Armschmerzen; Steifer Nacken,,
SI7,Zhizheng,Branch to the Correct,Zweig zum Richtigen,SI,fire,"5 cun proximal von SI5, auf der Verbindung SI5-SI8",0.5-1 cun,384.9,769.8; 1154.7; 1539.6; 1924.5,luo_connecting,Beruhigt Geist; Klärt Hitze,Kopfschmerzen; Nackensteifigkeit; Angst; Manie,,
SI8,Xiaohai,Small Sea,Kleines Meer,SI,fire,"Bei gebeugtem Ellenbogen, in der Vertiefung zwischen Olekranon und medialem Epikondylus",0.5-1 cun,391.8,783.6; 1175.4; 1567.2; 1959,he_sea,Klärt Hitze; Beruhigt Geist; Aktiviert Kanal,Ellenbogenschmerzen; Taubheit des Arms; Epilepsie,,
SI9,Jianzhen,True Shoulder,Wahre Schulter,SI,fire,"1 cun über dem hinteren Achselfaltenende, bei adduziertem Arm",1-1.5 cun,398.7,797.4; 1196.1; 1594.8; 1993.5,regular,Aktiviert Kanal; Lindert Schmerzen,Schulterschmerzen; Armlähmung; Tinnitus,,
SI10,Naoshu,Upper Arm Shu,Oberarm-Transportpunkt,SI,fire,"Direkt über SI9, in der Vertiefung unter der Spina scapulae",0.5-1 cun,405.6,811.2; 1216.8; 1622.4; 2028,regular,Aktiviert Kanal; Lindert Schmerzen,Schulterschmerzen; Schultersteifigkeit,,
SI11,Tianzong,Celestial Gathering,Himmlische Versammlung,SI,fire,"In der Mitte der Fossa infraspinata, auf der Verbindung SI10-SI13",0.5-1 cun,412.5,825; 1237.5; 1650; 2062.5,regular,Aktiviert Kanal; Lindert Schmerzen; Fördert Laktation,Schulterschmerzen; Armschmerzen; Mastitis,,
SI12,Bingfeng,Grasping the Wind,Wind Ergreifen,SI,fire,"In der Mitte der Fossa supraspinata, über SI11",0.5-1 cun,419.4,838.8; 1258.2; 1677.6; 2097,regular,Zerstreut Wind; Aktiviert Kanal,Schulterschmerzen; Taubheit der Schulter,,
SI13,Quyuan,Crooked Wall,Gekrümmte Mauer,SI,fire,Am medialen Ende der Fossa supraspinata,0.5-1 cun,426.3,852.6; 1278.9; 1705.2; 2131.5,regular,Aktiviert Kanal; Lindert Schmerzen,Schulterschmerzen; Schulterblattschmerzen,,
SI14,Jianwaishu,Outer Shoulder Shu,Äußerer Schulter-Transportpunkt,SI,fire,3 cun lateral des Dornfortsatzes T1,0.5-1 cun,433.2,866.4; 1299.6; 1732.8; 2166,regular,Aktiviert Kanal; Lindert Schmerzen,Schulter- und Rückenschmerzen; Nackensteifigkeit,,
SI15,Jianzhongshu,Middle Shoulder Shu,Mittlerer Schulter-Transportpunkt,SI,fire,2 cun lateral des Dornfortsatzes C7,0.5-1 cun,440.1,880.2; 1320.3; 1760.4; 2200.5,regular,Zerstreut Wind; Klärt Hitze,Husten; Asthma; Schulterschmerzen,,
SI16,Tianchuang,Celestial Window,Himmlisches Fenster,SI,fire,"Am Hinterrand des M. SCM, auf Höhe des Adamsapfels",0.5-1 cun,447,894; 1341; 1788; 2235,regular,Fördert Hören; Klärt Hitze,Tinnitus; Schwerhörigkeit; Halsschmerzen,Vorsicht - Gefäße,vishuddha
SI17,Tianrong,Celestial Countenance,Himmlisches Antlitz,SI,fire,"Hinter dem Unterkieferwinkel, am Vorderrand des M. SCM",0.5-1 cun,453.9,907.8; 1361.7; 1815.6; 2269.5,regular,Klärt Hitze; Lindert Schwellung,Halsschmerzen; Mandelentzündung; Tinnitus,Vorsicht - Gefäße,
SI18,Quanliao,Cheekbone Hole,Jochbeinvertiefung,SI,fire,"Direkt unter dem Jochbein, unter dem äußeren Augenwinkel",0.3-0.5 cun,460.8,921.6; 1382.4; 1843.2; 2304,regular,Zerstreut Wind; Lindert Schwellung,Gesichtslähmung; Trigeminusneuralgie; Zahnschmerzen,,
SI19,Tinggong,Auditory Palace,Hörpalast,SI,fire,"Vor dem Tragus, bei geöffnetem Mund in der Vertiefung",0.5-1 cun,467.7,935.4; 1403.1; 1870.8; 2338.5,regular,Öffnet Ohren; Beruhigt Geist,Tinnitus; Schwerhörigkeit; Ohrenschmerzen; Kiefergelenksprobleme,,ajna
BL1,Jingming,Bright Eyes,Helle Augen,BL,water,0.1 cun über dem inneren Augenwinkel,0.3-0.5 cun entlang der Orbita,192,384; 576; 768; 960,regular,Erhellt Augen; Zerstreut Wind,Augenerkrankungen; Konjunktivitis; Nachtblindheit; Tränenfluss,Nicht manipulieren - Blutungsgefahr,ajna
BL2,Zanzhu,Bamboo Gathering,Bambusansammlung,BL,water,"Am medialen Augenbrauenende, über BL1",0.3-0.5 cun schräg,194.5,389; 583.5; 778; 972.5,regular,Zerstreut Wind; Erhellt Augen; Lindert Schmerzen,Kopfschmerzen; Augenschmerzen; Tränende Augen; Schluckauf,,
BL3,Meichong,Eyebrow Ascension,Augenbrauenaufstieg,BL,water,"0.5 cun hinter dem vorderen Haaransatz, oberhalb von BL2",0.3-0.5 cun schräg,197,394; 591; 788; 985,regular,Zerstreut Wind; Lindert Schmerzen,Kopfschmerzen; Schwindel; Epilepsie,,
BL4,Quchai,Deviating Turn,Abweichende Kurve,BL,water,"0.5 cun hinter dem Haaransatz, 1.5 cun lateral der Mittellinie",0.3-0.5 cun schräg,199.5,399; 598.5; 798; 997.5,regular,Zerstreut Wind; Erhellt Augen,Kopfschmerzen; Verschwommenes Sehen; Nasenbluten,,
BL5,Wuchu,Fifth Place,Fünfter Platz,BL,water,"1 cun hinter dem Haaransatz, 1.5 cun lateral der Mittellinie",0.3-0.5 cun schräg,202,404; 606; 808; 1010,regular,Zerstreut Wind; Lindert Schmerzen,Kopfschmerzen; Epilepsie; Schwindel,,
BL6,Chengguang,Light Guard,Lichtwächter,BL,water,"2.5 cun hinter dem Haaransatz, 1.5 cun lateral der Mittellinie",0.3-0.5 cun schräg,204.5,409; 613.5; 818; 1022.5,regular,Zerstreut Wind; Erhellt Augen,Kopfschmerzen; Verschwommenes Sehen; Nasenprobleme,,
BL7,Tongtian,Celestial Connection,Himmlische Verbindung,BL,water,"4 cun hinter dem Haaransatz, 1.5 cun lateral der Mittellinie",0.3-0.5 cun schräg,207,414; 621; 828; 1035,regular,Zerstreut Wind; Öffnet Nase,Kopfschmerzen; Rhinitis; Nasenbluten,,
BL8,Luoque,Declining Connection,Abnehmende Verbindung,BL,water,"5.5 cun hinter dem Haaransatz, 1.5 cun lateral der Mittellinie",0.3-0.5 cun schräg,209.5,419; 628.5; 838; 1047.5,regular,Beruhigt Geist; Erhellt Augen,Kopfschmerzen; Sehstörungen; Tinnitus,,
BL9,Yuzhen,Jade Pillow,Jadekissen,BL,water,"2.5 cun über dem hinteren Haaransatz, 1.3 cun lateral der Mittellinie",0.3-0.5 cun schräg,212,424; 636; 848; 1060,regular,Erhellt Augen; Zerstreut Wind,Kopfschmerzen; Sehstörungen; Nasenprobleme,,
BL10,Tianzhu,Celestial Pillar,Himmlische Säule,BL,water,"1.3 cun lateral von DU15, im Trapezius",0.5-1 cun,214.5,429; 643.5; 858; 1072.5,regular,Zerstreut Wind; Öffnet Sinne; Entspannt Sehnen,Nackensteifigkeit; Kopfschmerzen; Schulterschmerzen,,vishuddha
BL11,Dazhu,Great Shuttle,Großes Weberschiffchen,BL,water,1.5 cun lateral des Dornfortsatzes T1,0.5-0.8 cun schräg,217,434; 651; 868; 1085,hui_meeting,Stärkt Knochen; Zerstreut Wind,Nacken- und Rückenschmerzen; Husten; Fieber,,
BL12,Fengmen,Wind Gate,Windtor,BL,water,1.5 cun lateral des Dornfortsatzes T2,0.5-0.8 cun schräg,219.5,439; 658.5; 878; 1097.5,regular,Zerstreut Wind; Öffnet Oberfläche; Reguliert Lungen-Qi,Erkältung; Husten; Nackensteifigkeit; Rückenschmerzen,,
BL13,Feishu,Lung Shu,Lungen-Transportpunkt,BL,water,1.5 cun lateral des Dornfortsatzes T3,0.5-0.8 cun schräg,222,444; 666; 888; 1110,shu_back,Tonisiert Lungen-Qi; Nährt Lungen-Yin; Klärt Hitze,Husten; Asthma; Tuberkulose; Nachtschweiß,,anahata
BL14,Jueyinshu,Pericardium Shu,Perikard-Transportpunkt,BL,water,1.5 cun lateral des Dornfortsatzes T4,0.5-0.8 cun schräg,224.5,449; 673.5; 898; 1122.5,shu_back,Reguliert Herz-Qi; Beruhigt Geist,Herzschmerzen; Herzklopfen; Husten,,
BL15,Xinshu,Heart Shu,Herz-Transportpunkt,BL,water,1.5 cun lateral des Dornfortsatzes T5,0.5-0.8 cun schräg,227,454; 681; 908; 1135,shu_back,Tonisiert Herz; Beruhigt Geist; Nährt Blut,Herzschmerzen; Schlaflosigkeit; Angst; Gedächtnisprobleme,,anahata
BL16,Dushu,Governing Vessel Shu,Du Mai-Transportpunkt,BL,water,1.5 cun lateral des Dornfortsatzes T6,0.5-0.8 cun schräg,229.5,459; 688.5; 918; 1147.5,shu_back,Reguliert Herz-Qi; Lindert Brustschmerzen,Herzschmerzen; Bauchschmerzen; Fieber,,
BL17,Geshu,Diaphragm Shu,Zwerchfell-Transportpunkt,BL,water,1.5 cun lateral des Dornfortsatzes T7,0.5-0.8 cun schräg,232,464; 696; 928; 1160,shu_back; hui_meeting,Nährt und belebt Blut; Kühlt Blut-Hitze; Harmonisiert Zwerchfell,Anämie; Blutungen; Schluckauf; Erbrechen,,manipura
BL18,Ganshu,Liver Shu,Leber-Transportpunkt,BL,water,1.5 cun lateral des Dornfortsatzes T9,0.5-0.8 cun schräg,237,474; 711; 948; 1185,shu_back,Reguliert Leber-Qi; Erhellt Augen; Löst Stagnation,Hepatitis; Augenkrankheiten; Rippenschmerzen; Depression,,
BL19,Danshu,Gallbladder Shu,Gallenblasen-Transportpunkt,BL,water,1.5 cun lateral des Dornfortsatzes T10,0.5-0.8 cun schräg,239.5,479; 718.5; 958; 1197.5,shu_back,Reguliert Gallenblasen-Qi; Klärt Feuchtigkeit-Hitze,Gallenblasenentzündung; Bitterer Mundgeschmack; Rippenschmerzen,,
BL20,Pishu,Spleen Shu,Milz-Transportpunkt,BL,water,1.5 cun lateral des Dornfortsatzes T11,0.5-0.8 cun schräg,242,484; 726; 968; 1210,shu_back,Stärkt Milz; Transformiert Feuchtigkeit; Nährt Blut,Verdauungsprobleme; Erschöpfung; Ödeme; Anämie,,manipura
BL21,Weishu,Stomach Shu,Magen-Transportpunkt,BL,water,1.5 cun lateral des Dornfortsatzes T12,0.5-0.8 cun schräg,244.5,489; 733.5; 978; 1222.5,shu_back,Harmonisiert Magen; Reguliert Qi; Löst Stagnation,Magenschmerzen; Übelkeit; Erbrechen; Appetitlosigkeit,,
BL22,Sanjiaoshu,Triple Burner Shu,Dreifacher Erwärmer-Transportpunkt,BL,water,1.5 cun lateral des Dornfortsatzes L1,0.5-1 cun,247,494; 741; 988; 1235,shu_back,Reguliert Wasserwege; Transformiert Feuchtigkeit,Ödeme; Harnprobleme; Verdauungsprobleme,,
BL23,Shenshu,Kidney Shu,Nieren-Transportpunkt,BL,water,1.5 cun lateral des Dornfortsatzes L2,0.5-1 cun,249.5,499; 748.5; 998; 1247.5,shu_back,Tonisiert Nieren; Stärkt Rücken; Nährt Essenz,Lendenschmerzen; Impotenz; Tinnitus; Erschöpfung,,svadhisthana
BL24,Qihaishu,Sea of Qi Shu,Qi-Meer-Transportpunkt,BL,water,1.5 cun lateral des Dornfortsatzes L3,0.5-1 cun,252,504; 756; 1008; 1260,shu_back,Stärkt Lendenbereich; Reguliert Qi,Lendenschmerzen; Hämorrhoiden; Dysmenorrhoe,,
BL25,Dachangshu,Large Intestine Shu,Dickdarm-Transportpunkt,BL,water,1.5 cun lateral des Dornfortsatzes L4,0.8-1.2 cun,254.5,509; 763.5; 1018; 1272.5,shu_back,Reguliert Dickdarm; Stärkt Rücken,Lendenschmerzen; Durchfall; Verstopfung; Darmentzündung,,
BL26,Guanyuanshu,Origin Pass Shu,Ursprungstor-Transportpunkt,BL,water,1.5 cun lateral des Dornfortsatzes L5,0.8-1.2 cun,257,514; 771; 1028; 1285,shu_back,Stärkt Lendenbereich; Reguliert untere Körperöffnungen,Lendenschmerzen; Durchfall; Harnprobleme,,
BL27,Xiaochangshu,Small Intestine Shu,Dünndarm-Transportpunkt,BL,water,1.5 cun lateral des 1. Sakralforamens,0.8-1.2 cun,259.5,519; 778.5; 1038; 1297.5,shu_back,Reguliert Dünndarm; Trennt klares und trübes,Unterbauchschmerzen; Harnprobleme; Lendenschmerzen,,
BL28,Pangguangshu,Bladder Shu,Blasen-Transportpunkt,BL,water,1.5 cun lateral des 2. Sakralforamens,0.8-1.2 cun,262,524; 786; 1048; 1310,shu_back,Reguliert Blase; Öffnet Wasserwege,Harnprobleme; Lendenschmerzen; Ischias,,
BL29,Zhonglüshu,Middle Backbone Shu,Mittlerer Wirbelsäulen-Transportpunkt,BL,water,1.5 cun lateral des 3. Sakralforamens,0.8-1.2 cun,264.5,529; 793.5; 1058; 1322.5,shu_back,Stärkt Lendenbereich,Lendenschmerzen; Durchfall; Hernie,,
BL30,Baihuanshu,White Ring Shu,Weißer Ring-Transportpunkt,BL,water,1.5 cun lateral des 4. Sakralforamens,0.8-1.5 cun,267,534; 801; 1068; 1335,shu_back,Reguliert untere Körperöffnungen; Stärkt Lendenbereich,Lendenschmerzen; Hernie; Leukorr; Hämorrhoiden,,
BL31,Shangliao,Upper Bone Hole,Obere Knochenvertiefung,BL,water,Im 1. dorsalen Sakralforamen,0.8-1.2 cun,269.5,539; 808.5; 1078; 1347.5,regular,Reguliert untere Körperöffnungen; Stärkt Lendenbereich,Lendenschmerzen; Menstruationsstörungen; Harnprobleme,,
BL32,Ciliao,Second Bone Hole,Zweite Knochenvertiefung,BL,water,Im 2. dorsalen Sakralforamen,0.8-1.2 cun,272,544; 816; 1088; 1360,regular,Reguliert Menstruation; Stärkt Lendenbereich,Lendenschmerzen; Dysmenorrhoe; Leukorr; Impotenz,,
BL33,Zhongliao,Middle Bone Hole,Mittlere Knochenvertiefung,BL,water,Im 3. dorsalen Sakralforamen,0.8-1.2 cun,274.5,549; 823.5; 1098; 1372.5,regular,Reguliert untere Körperöffnungen,Lendenschmerzen; Verstopfung; Harnprobleme,,
BL34,Xialiao,Lower Bone Hole,Untere Knochenvertiefung,BL,water,Im 4. dorsalen Sakralforamen,0.8-1.2 cun,277,554; 831; 1108; 1385,regular,Reguliert untere Körperöffnungen,Lendenschmerzen; Bauchschmerzen; Verstopfung,,
BL35,Huiyang,Meeting of Yang,Treffen des Yang,BL,water,0.5 cun lateral des Steißbeins,0.5-1 cun,279.5,559; 838.5; 1118; 1397.5,regular,Reguliert untere Körperöffnungen,Hämorrhoiden; Impotenz; Leukorr; Durchfall,,
BL36,Chengfu,Support,Unterstützung,BL,water,In der Mitte der Glutealfalte,1-2 cun,282,564; 846; 1128; 1410,regular,Aktiviert Kanal; Lindert Schmerzen,Ischias; Hämorrhoiden; Gesäßschmerzen,,
BL37,Yinmen,Gate of Abundance,Tor des Überflusses,BL,water,"6 cun unter BL36, auf der Linie BL36-BL40",1-2 cun,284.5,569; 853.5; 1138; 1422.5,regular,Entspannt Sehnen; Aktiviert Kanal,Lendenschmerzen; Oberschenkelschmerzen; Beinlähmung,,
BL38,Fuxi,Superficial Cleft,Oberflächliche Spalte,BL,water,"1 cun über BL39, medial der Bizepssehne",0.5-1 cun,287,574; 861; 1148; 1435,regular,Entspannt Sehnen; Aktiviert Kanal,Knieschmerzen; Taubheit des Beins,,
BL39,Weiyang,Bend Yang,Yang-Beugung,BL,water,"Lateral in der Kniekehle, medial der Bizepssehne",0.5-1 cun,289.5,579; 868.5; 1158; 1447.5,he_sea,Öffnet Wasserwege; Entspannt Sehnen,Harnprobleme; Beinkrämpfe; Rückenschmerzen,,
BL40,Weizhong,Bend Middle,Mitte der Beuge,BL,water,"In der Mitte der Kniekehle, zwischen den Sehnen",1-1.5 cun oder Blutenlassen,292,584; 876; 1168; 1460,he_sea,Entspannt Sehnen; Aktiviert Kanal; Kühlt Blut,Lendenschmerzen; Knieschmerzen; Beinlähmung; Hauterkrankungen,,muladhara
BL41,Fufen,Attached Branch,Angehängter Zweig,BL,water,3 cun lateral des Dornfortsatzes T2,0.5-0.8 cun schräg,294.5,589; 883.5; 1178; 1472.5,regular,Zerstreut Wind; Aktiviert Kanal,Nackensteifigkeit; Schulterschmerzen; Taubheit des Arms,,
BL42,Pohu,Door of the Corporeal Soul,Tor der Körperseele,BL,water,3 cun lateral des Dornfortsatzes T3,0.5-0.8 cun schräg,297,594; 891; 1188; 1485,regular,Reguliert Lungen-Qi; Stärkt Abwehr,Husten; Asthma; Nackensteifigkeit; Schulterschmerzen,,
BL43,Gaohuang,Vital Region Shu,Vitale Region-Transportpunkt,BL,water,3 cun lateral des Dornfortsatzes T4,0.5-0.8 cun schräg,299.5,599; 898.5; 1198; 1497.5,regular,Tonisiert Lunge und Nieren; Stärkt das Ursprüngliche,Chronische Erschöpfung; Tuberkulose; Gedächtnisprobleme; Nachtschweiß,,anahata
BL44,Shentang,Spirit Hall,Geisteshalle,BL,water,3 cun lateral des Dornfortsatzes T5,0.5-0.8 cun schräg,302,604; 906; 1208; 1510,regular,Beruhigt Geist; Reguliert Herz,Herzschmerzen; Husten; Rückenschmerzen,,
BL45,Yixi,Yi Xi,Seufzer,BL,water,3 cun lateral des Dornfortsatzes T6,0.5-0.8 cun schräg,304.5,609; 913.5; 1218; 1522.5,regular,Reguliert Qi; Lindert Husten,Husten; Asthma; Rückenschmerzen; Fieber,,
BL46,Geguan,Diaphragm Gate,Zwerchfelltor,BL,water,3 cun lateral des Dornfortsatzes T7,0.5-0.8 cun schräg,307,614; 921; 1228; 1535,regular,Harmonisiert Zwerchfell; Lindert Erbrechen,Schluckauf; Erbrechen; Rückenschmerzen,,
BL47,Hunmen,Soul Gate,Seelentor,BL,water,3 cun lateral des Dornfortsatzes T9,0.5-0.8 cun schräg,312,624; 936; 1248; 1560,regular,Reguliert Leber; Beruhigt Geist,Rippenschmerzen; Rückenschmerzen; Durchfall; Erbrechen,,
BL48,Yanggang,Yang Headrope,Yang-Hauptseil,BL,water,3 cun lateral des Dornfortsatzes T10,0.5-0.8 cun schräg,314.5,629; 943.5; 1258; 1572.5,regular,Reguliert Gallenblase; Klärt Feuchtigkeit-Hitze,Gallenblasenentzündung; Rippenschmerzen; Bitterer Mundgeschmack,,
BL49,Yishe,Reflection Abode,Reflexionswohnung,BL,water,3 cun lateral des Dornfortsatzes T11,0.5-0.8 cun schräg,317,634; 951; 1268; 1585,regular,Stärkt Milz; Reguliert Verdauung,Bauchschmerzen; Durchfall; Erbrechen; Rückenschmerzen,,
BL50,Weicang,Stomach Granary,Magenspeicher,BL,water,3 cun lateral des Dornfortsatzes T12,0.5-0.8 cun schräg,319.5,639; 958.5; 1278; 1597.5,regular,Harmonisiert Magen; Reguliert Verdauung,Magenschmerzen; Bauchschmerzen; Rückenschmerzen,,
BL51,Huangmen,Vitals Gate,Vitaltor,BL,water,3 cun lateral des Dornfortsatzes L1,0.5-1 cun,322,644; 966; 1288; 1610,regular,Reguliert Qi; Löst Stagnation,Bauchschmerzen; Verstopfung; Brustmasse,,
BL52,Zhishi,Will Chamber,Willenskammer,BL,water,3 cun lateral des Dornfortsatzes L2,0.5-1 cun,324.5,649; 973.5; 1298; 1622.5,regular,Tonisiert Nieren; Stärkt Willenskraft,Lendenschmerzen; Impotenz; Harnprobleme; Ödeme,,svadhisthana
BL53,Baohuang,Bladder Vitals,Blasenvitalität,BL,water,3 cun lateral des 2. Sakralforamens,1-1.5 cun,327,654; 981; 1308; 1635,regular,Reguliert Blase; Stärkt Lendenbereich,Lendenschmerzen; Bauchschmerzen; Harnprobleme,,
BL54,Zhibian,Sequential Limit,Sequenzielle Grenze,BL,water,"3 cun lateral des 4. Sakralforamens, auf Höhe von BL30",1.5-2 cun,329.5,659; 988.5; 1318; 1647.5,regular,Aktiviert Kanal; Lindert Schmerzen,Ischias; Hämorrhoiden; Beinlähmung; Harnprobleme,,
BL55,Heyang,Yang Union,Yang-Vereinigung,BL,water,"2 cun unter BL40, zwischen den Köpfen des Gastrocnemius",1-2 cun,332,664; 996; 1328; 1660,regular,Entspannt Sehnen; Aktiviert Kanal,Lendenschmerzen; Wadenkrämpfe; Uterusblutung,,
BL56,Chengjin,Sinew Support,Sehnenstütze,BL,water,"5 cun unter BL40, zwischen den Köpfen des Gastrocnemius",1-1.5 cun,334.5,669; 1003.5; 1338; 1672.5,regular,Entspannt Sehnen; Lindert Krämpfe,Wadenkrämpfe; Lendenschmerzen; Hämorrhoiden,,
BL57,Chengshan,Mountain Support,Bergstütze,BL,water,"In der Mitte der Wade, am unteren Ende des Gastrocnemius-Muskelbauchs",1-2 cun,337,674; 1011; 1348; 1685,regular,Entspannt Sehnen; Aktiviert Kanal; Lindert Hämorrhoiden,Wadenkrämpfe; Hämorrhoiden; Lendenschmerzen; Verstopfung,,
BL58,Feiyang,Taking Flight,Abflug,BL,water,"7 cun über dem Außenknöchel, am lateralen Rand des Gastrocnemius",1-1.5 cun,339.5,679; 1018.5; 1358; 1697.5,luo_connecting,Zerstreut Wind; Stärkt Lendenbereich,Kopfschmerzen; Nasenbluten; Lendenschmerzen; Beinschwäche,,
BL59,Fuyang,Instep Yang,Fußrücken-Yang,BL,water,"3 cun über dem Außenknöchel, am Hinterrand der Fibula",0.5-1 cun,342,684; 1026; 1368; 1710,xi_cleft,Aktiviert Yang Qiao Mai; Lindert Schmerzen,Kopfschmerzen; Lendenschmerzen; Beinlähmung; Knöchelschmerzen,,
BL60,Kunlun,Kunlun Mountains,Kunlun-Gebirge,BL,water,Zwischen dem lateralen Malleolus und der Achillessehne,0.5-1 cun,344.5,689; 1033.5; 1378; 1722.5,jing_river,Zerstreut Wind; Entspannt Sehnen; Stärkt Rücken,Kopfschmerzen; Nackensteifigkeit; Lendenschmerzen; Fersenschmerzen,Kontraindiziert in der Schwangerschaft,
BL61,Pushen,Subservient Visitor,Dienender Besucher,BL,water,"Unter dem Außenknöchel, in der Vertiefung am Fersenbein",0.3-0.5 cun,347,694; 1041; 1388; 1735,regular,Entspannt Sehnen; Stärkt Knöchel,Knöchelschmerzen; Fersenschmerzen; Beinlähmung,,
BL62,Shenmai,Extending Vessel,Ausdehnungsgefäß,BL,water,In der Vertiefung unter dem lateralen Malleolus,0.3-0.5 cun,349.5,699; 1048.5; 1398; 1747.5,confluent,Öffnet Yang Qiao Mai; Entspannt Sehnen; Beruhigt Geist,Kopfschmerzen; Epilepsie; Schlaflosigkeit; Knöchelschmerzen,,muladhara
BL63,Jinmen,Metal Gate,Metalltor,BL,water,"Vor und unter dem Außenknöchel, in der Vertiefung vor dem Fersenbein",0.3-0.5 cun,352,704; 1056; 1408; 1760,xi_cleft,Beruhigt Geist; Aktiviert Kanal,Epilepsie; Kinderkrämpfe; Lendenschmerzen; Knöchelschmerzen,,
BL64,Jinggu,Capital Bone,Hauptknochen,BL,water,"Lateral am Fuß, hinter der Tuberositas ossis metatarsalis V",0.3-0.5 cun,354.5,709; 1063.5; 1418; 1772.5,yuan_source,Klärt Hitze; Beruhigt Geist; Lindert Schmerzen,Kopfschmerzen; Nackensteifigkeit; Augenschmerzen; Epilepsie,,
BL65,Shugu,Bone Binder,Knochenbinder,BL,water,"Lateral am Fuß, hinter dem 5. MTP-Gelenk",0.3-0.5 cun,357,714; 1071; 1428; 1785,shu_stream,Klärt Hitze; Beruhigt Geist,Kopfschmerzen; Nackensteifigkeit; Sehstörungen,,
BL66,Tonggu,Foot Connecting Valley,Verbindungstal des Fußes,BL,water,"Lateral am 5. Zeh, distal des 5. MTP-Gelenks",0.2-0.3 cun,359.5,719; 1078.5; 1438; 1797.5,ying_spring,Klärt Hitze; Zerstreut Wind,Kopfschmerzen; Nackensteifigkeit; Nasenbluten,,
BL67,Zhiyin,Reaching Yin,Yin Erreichen,BL,water,"Am kleinen Zeh, 0.1 cun lateral des Nagelwinkels",0.1 cun oder Moxibustion,362,724; 1086; 1448; 1810,jing_well,Korrigiert Fehllagen des Fötus; Zerstreut Wind; Erhellt Augen,Steißlage; Kopfschmerzen; Augenschmerzen; verstopfte Nase,,
KI1,Yongquan,Gushing Spring,Sprudelnde Quelle,KI,water,"Auf der Fußsohle, zwischen 2. und 3. Metatarsale, im vorderen Drittel",0.5-1 cun,192,384; 576; 768; 960,jing_well,Senkt Hitze; Beruhigt Geist; Belebt Bewusstsein; Tonisiert Yin,Bewusstlosigkeit; Schock; Kopfschmerzen; Schlaflosigkeit; Fußsohlenschmerzen,,muladhara
KI2,Rangu,Blazing Valley,Brennendes Tal,KI,water,"Medial am Fuß, unterhalb der Tuberositas ossis navicularis",0.5-1 cun,197.3,394.6; 591.9; 789.2; 986.5,ying_spring,Klärt Nieren-Leere-Hitze; Kühlt Blut,Nachtschweiß; Halsschmerzen; Menstruationsstörungen; Fußschmerzen,,
KI3,Taixi,Supreme Stream,Höchster Bach,KI,water,Zwischen medialem Malleolus und Achillessehne,0.5-1 cun,202.6,405.2; 607.8; 810.4; 1013,shu_stream; yuan_source,Tonisiert Nieren; Stärkt Lendenbereich; Reguliert Uterus,Lendenschmerzen; Tinnitus; Impotenz; Menstruationsstörungen; Schlaflosigkeit,,svadhisthana
KI4,Dazhong,Large Goblet,Großer Kelch,KI,water,"0.5 cun unter KI3, am Ansatz der Achillessehne",0.3-0.5 cun,207.9,415.8; 623.7; 831.6; 1039.5,luo_connecting,Stärkt Willenskraft; Hebt Geist,Fersenschmerzen; Asthma; Blut im Urin; Willenslosigkeit,,
KI5,Shuiquan,Water Spring,Wasserquelle,KI,water,"1 cun unter KI3, in der Vertiefung vor der Achillessehne",0.3-0.5 cun,213.2,426.4; 639.6; 852.8; 1066,xi_cleft,Reguliert Uterus; Belebt Blut,Dysmenorrhoe; Amenorrhoe; Prolaps; Sehstörungen,,
KI6,Zhaohai,Shining Sea,Strahlendes Meer,KI,water,1 cun unter dem medialen Malleolus,0.3-0.5 cun,218.5,437; 655.5; 874; 1092.5,confluent,Öffnet Yin Qiao Mai; Nährt Nieren-Yin; Befeuchtet Kehle,Schlaflosigkeit; Halsschmerzen; Menstruationsstörungen; Epilepsie,,vishuddha
KI7,Fuliu,Recover Flow,Wiederhergestellter Fluss,KI,water,"2 cun über KI3, am Vorderrand der Achillessehne",0.5-1 cun,223.8,447.6; 671.4; 895.2; 1119,jing_river,Tonisiert Nieren-Yang; Reguliert Schwitzen,Ödeme; Spontanschweiß; Durchfall; Lendenschmerzen,,
KI8,Jiaoxin,Intersection Reach,Kreuzungsreichweite,KI,water,"2 cun über KI3, 0.5 cun anterior von KI7",0.5-1 cun,229.1,458.2; 687.3; 916.4; 1145.5,xi_cleft,Reguliert Yin Qiao Mai; Reguliert Menstruation,Menstruationsstörungen; Uterusblutung; Prolaps,,
KI9,Zhubin,Guest House,Gasthaus,KI,water,"5 cun über KI3, am medialen Rand des Gastrocnemius",1-1.5 cun,234.4,468.8; 703.2; 937.6; 1172,xi_cleft,Reguliert Yin Wei Mai; Beruhigt Geist,Manie; Wadenkrämpfe; Erbrechen; Hernie,,
KI10,Yingu,Yin Valley,Yin-Tal,KI,water,"Medial in der Kniekehle, zwischen den Sehnen",1-1.5 cun,239.7,479.4; 719.1; 958.8; 1198.5,he_sea,Tonisiert Nieren-Yin; Klärt Feuchtigkeit-Hitze,Impotenz; Hernie; Uterusblutung; Knieschmerzen,,svadhisthana
KI11,Henggu,Pubic Bone,Schambein,KI,water,"0.5 cun lateral der Mittellinie, am oberen Rand des Schambeins",0.5-1 cun,245,490; 735; 980; 1225,regular,Tonisiert Nieren; Reguliert Urogenitalsystem,Impotenz; Hernie; Harnprobleme,,
KI12,Dahe,Great Manifestation,Große Manifestation,KI,water,"0.5 cun lateral der Mittellinie, 1 cun über KI11",0.5-1 cun,250.3,500.6; 750.9; 1001.2; 1251.5,regular,Tonisiert Nieren; Reguliert Chong Mai,Impotenz; Leukorr; Prolaps,,
KI13,Qixue,Qi Hole,Qi-Loch,KI,water,"0.5 cun lateral der Mittellinie, 3 cun unter dem Nabel",0.5-1 cun,255.6,511.2; 766.8; 1022.4; 1278,regular,Reguliert Chong Mai; Tonisiert Nieren,Menstruationsstörungen; Durchfall; Lendenschmerzen,,
KI14,Siman,Fourfold Fullness,Vierfache Fülle,KI,water,"0.5 cun lateral der Mittellinie, 2 cun unter dem Nabel",0.5-1 cun,260.9,521.8; 782.7; 1043.6; 1304.5,regular,Reguliert Menstruation; Fördert Wasserlassen,Menstruationsstörungen; Postpartale Schmerzen; Ödeme,,
KI16,Huangshu,Vitals Shu,Vitaler Transportpunkt,KI,water,0.5 cun lateral des Nabels,0.5-1 cun,271.5,543; 814.5; 1086; 1357.5,regular,Reguliert Darm-Qi; Lindert Schmerzen,Bauchschmerzen; Verstopfung; Durchfall,,
KI21,Youmen,Dark Gate,Dunkles Tor,KI,water,"0.5 cun lateral der Mittellinie, 6 cun über dem Nabel",0.5-1 cun,298,596; 894; 1192; 1490,regular,Harmonisiert Magen; Senkt rebellierendes Qi,Übelkeit; Erbrechen; Bauchschmerzen,,
KI22,Bulang,Walking Corridor,Wandelnder Korridor,KI,water,"2 cun lateral der Mittellinie, im 5. ICR",0.5-0.8 cun schräg,303.3,606.6; 909.9; 1213.2; 1516.5,regular,Senkt rebellierendes Qi; Lindert Husten,Husten; Asthma; Brustschmerzen,Nicht tief stechen,
KI23,Shenfeng,Spirit Seal,Geistsiegel,KI,water,"2 cun lateral der Mittellinie, im 4. ICR",0.5-0.8 cun schräg,308.6,617.2; 925.8; 1234.4; 1543,regular,Reguliert Qi im Brustkorb; Beruhigt Geist,Husten; Asthma; Brustschmerzen; Mastitis,Nicht tief stechen,
KI24,Lingxu,Spirit Ruins,Geistesruinen,KI,water,"2 cun lateral der Mittellinie, im 3. ICR",0.5-0.8 cun schräg,313.9,627.8; 941.7; 1255.6; 1569.5,regular,Reguliert Qi; Lindert Husten,Husten; Asthma; Brustschmerzen,Nicht tief stechen,
KI25,Shencang,Spirit Storehouse,Geistesspeicher,KI,water,"2 cun lateral der Mittellinie, im 2. ICR",0.5-0.8 cun schräg,319.2,638.4; 957.6; 1276.8; 1596,regular,Reguliert Qi; Lindert Husten,Husten; Asthma; Brustschmerzen,Nicht tief stechen,
KI26,Yuzhong,Lively Center,Lebendige Mitte,KI,water,"2 cun lateral der Mittellinie, im 1. ICR",0.5-0.8 cun schräg,324.5,649; 973.5; 1298; 1622.5,regular,Reguliert Qi; Lindert Husten,Husten; Asthma; Brustschmerzen,Nicht tief stechen,
KI27,Shufu,Shu Mansion,Transportpunkt-Palast,KI,water,"2 cun lateral der Mittellinie, in der Vertiefung unter der Clavicula",0.5-0.8 cun schräg,329.8,659.6; 989.4; 1319.2; 1649,regular,Tonisiert Nieren; Senkt rebellierendes Qi; Lindert Husten,Husten; Asthma; Brustschmerzen; Erbrechen,Nicht tief stechen,vishuddha
PC1,Tianchi,Celestial Pool,Himmlischer Teich,PC,fire,"1 cun lateral der Brustwarze, im 4. ICR",0.3-0.5 cun schräg,341.3,682.6; 1023.9; 1365.2; 1706.5,regular,Reguliert Qi im Brustkorb; Zerstreut Schwellung,Brustschmerzen; Achselschwellung; Mastitis,Nicht tief stechen - Pneumothorax-Risiko,anahata
PC2,Tianquan,Celestial Spring,Himmlische Quelle,PC,fire,"2 cun unter dem vorderen Achselfaltenende, zwischen den Köpfen des M. biceps",0.5-1 cun,349.9,699.8; 1049.7; 1399.6; 1749.5,regular,Reguliert Herz-Qi; Belebt Blut,Herzschmerzen; Brustschmerzen; Husten; Armschmerzen,,
PC3,Quze,Marsh at the Bend,Sumpf an der Beuge,PC,fire,"In der Ellenbogenfalte, ulnar der Bizepssehne",0.5-1 cun oder Blutenlassen,358.4,716.8; 1075.2; 1433.6; 1792,he_sea,Klärt Herz-Hitze; Kühlt Blut; Harmonisiert Magen,Herzschmerzen; Herzklopfen; Erbrechen; Fieber,,anahata
PC4,Ximen,Xi-Cleft Gate,Spalt-Tor,PC,fire,"5 cun proximal der Handgelenksfalte, zwischen den Sehnen",0.5-1 cun,367,734; 1101; 1468; 1835,xi_cleft,Beruhigt Herz; Stoppt Blutungen; Lindert Schmerzen,Herzschmerzen; Herzklopfen; Nasenbluten; Angst,,
PC5,Jianshi,Intermediary Courier,Vermittelnder Bote,PC,fire,"3 cun proximal der Handgelenksfalte, zwischen den Sehnen",0.5-1 cun,375.5,751; 1126.5; 1502; 1877.5,jing_river,Beruhigt Herz; Transformiert Schleim; Öffnet Brust,Herzschmerzen; Herzklopfen; Epilepsie; Manie,,
PC6,Neiguan,Inner Pass,Innere Grenze,PC,fire,"2 cun proximal der Handgelenksfalte, zwischen den Sehnen",0.5-1 cun,384.1,768.2; 1152.3; 1536.4; 1920.5,luo_connecting; confluent,Öffnet Yin Wei Mai; Beruhigt Herz; Harmonisiert Magen; Lindert Schmerzen,Übelkeit; Erbrechen; Herzschmerzen; Schlaflosigkeit; Angst,,anahata
PC7,Daling,Great Mound,Großer Hügel,PC,fire,"In der Mitte der Handgelenksfalte, zwischen den Sehnen",0.3-0.5 cun,392.6,785.2; 1177.8; 1570.4; 1963,shu_stream; yuan_source,Beruhigt Herz; Klärt Hitze; Harmonisiert Magen,Herzschmerzen; Herzklopfen; Mundgeruch; Handgelenkschmerzen,,anahata
PC8,Laogong,Palace of Toil,Palast der Arbeit,PC,fire,"In der Handfläche, wo die Fingerspitze des Mittelfingers bei geballter Faust zeigt",0.3-0.5 cun,401.2,802.4; 1203.6; 1604.8; 2006,ying_spring,Klärt Herz-Hitze; Beruhigt Geist; Belebt Bewusstsein,Mundgeschwüre; Bewusstlosigkeit; Epilepsie; Fieber,,manipura
PC9,Zhongchong,Central Hub,Zentrale Nabe,PC,fire,"Am Mittelfinger, 0.1 cun proximal des radialen Nagelwinkels",0.1 cun oder Blutenlassen,409.7,819.4; 1229.1; 1638.8; 2048.5,jing_well,Klärt Hitze; Belebt Bewusstsein; Öffnet Sinne,Bewusstlosigkeit; Fieber; Hitzschlag; Zungengeschwür,,
TE1,Guanchong,Rushing Pass,Drängende Passage,TE,fire,"Am Ringfinger, 0.1 cun proximal des ulnaren Nagelwinkels",0.1 cun oder Blutenlassen,343.5,687; 1030.5; 1374; 1717.5,jing_well,Klärt Hitze; Belebt Bewusstsein,Kopfschmerzen; Halsschmerzen; Fieber; Konjunktivitis,,
TE2,Yemen,Humor Gate,Flüssigkeitstor,TE,fire,"Zwischen 4. und 5. Finger, proximal des Schwimmhautrandes",0.3-0.5 cun,350.4,700.8; 1051.2; 1401.6; 1752,ying_spring,Klärt Hitze; Lindert Schmerzen,Kopfschmerzen; Ohrenschmerzen; Halsschmerzen; Malaria,,
TE3,Zhongzhu,Central Islet,Zentrale Insel,TE,fire,"Auf dem Handrücken, zwischen 4. und 5. Metakarpale, proximal des MCP-Gelenks",0.5-1 cun,357.3,714.6; 1071.9; 1429.2; 1786.5,shu_stream,Zerstreut Wind-Hitze; Öffnet Ohren; Aktiviert Kanal,Tinnitus; Schwerhörigkeit; Kopfschmerzen; Handschmerzen,,
TE4,Yangchi,Yang Pool,Yang-Teich,TE,fire,"Auf dem Handrücken, in der Handgelenksfalte, ulnar der Strecksehnen",0.3-0.5 cun,364.2,728.4; 1092.6; 1456.8; 1821,yuan_source,Entspannt Sehnen; Stärkt Yuan-Qi,Handgelenkschmerzen; Schulterschmerzen; Diabetes,,
TE5,Waiguan,Outer Pass,Äußere Grenze,TE,fire,"2 cun proximal der Handgelenksfalte, zwischen Radius und Ulna",0.5-1 cun,371.1,742.2; 1113.3; 1484.4; 1855.5,luo_connecting; confluent,Öffnet Yang Wei Mai; Zerstreut Wind-Hitze; Aktiviert Kanal,Erkältung; Kopfschmerzen; Tinnitus; Armschmerzen,,vishuddha
TE6,Zhigou,Branch Ditch,Zweiggraben,TE,fire,"3 cun proximal der Handgelenksfalte, zwischen Radius und Ulna",0.5-1 cun,378,756; 1134; 1512; 1890,jing_river,Reguliert Qi; Klärt Hitze; Fördert Stuhlgang,Verstopfung; Rippenschmerzen; Schulterschmerzen,,
TE7,Huizong,Convergence and Gathering,Zusammenkunft,TE,fire,"3 cun proximal der Handgelenksfalte, am radialen Rand der Ulna",0.5-1 cun,384.9,769.8; 1154.7; 1539.6; 1924.5,xi_cleft,Öffnet Ohren; Lindert Schmerzen,Schwerhörigkeit; Epilepsie; Armschmerzen,,
TE8,Sanyangluo,Three Yang Connection,Drei-Yang-Verbindung,TE,fire,"4 cun proximal der Handgelenksfalte, zwischen Radius und Ulna",0.5-1 cun,391.8,783.6; 1175.4; 1567.2; 1959,regular,Öffnet Ohren; Aktiviert Kanal,Schwerhörigkeit; Zahnschmerzen; Armschmerzen,,
TE9,Sidu,Four Rivers,Vier Flüsse,TE,fire,"5 cun distal des Olekranons, zwischen Radius und Ulna",0.5-1 cun,398.7,797.4; 1196.1; 1594.8; 1993.5,regular,Öffnet Ohren; Lindert Halsschmerzen,Schwerhörigkeit; Halsschmerzen; Zahnschmerzen,,
TE10,Tianjing,Celestial Well,Himmlischer Brunnen,TE,fire,"1 cun über dem Olekranon, bei gebeugtem Ellenbogen",0.5-1 cun,405.6,811.2; 1216.8; 1622.4; 2028,he_sea,Transformiert Schleim; Zerstreut Stagnation; Beruhigt Geist,Ellenbogenschmerzen; Nackensteifigkeit; Skrofulose; Depression,,
TE11,Qinglengyuan,Clear Cold Abyss,Klarer kalter Abgrund,TE,fire,2 cun über dem Olekranon,0.5-1 cun,412.5,825; 1237.5; 1650; 2062.5,regular,Aktiviert Kanal; Lindert Schmerzen,Schulterschmerzen; Kopfschmerzen,,
TE12,Xiaoluo,Dispersing Riverbed,Zerstreuendes Flussbett,TE,fire,"Auf der Linie zwischen Olekranon und TE14, in der Mitte des Oberarms",0.5-1 cun,419.4,838.8; 1258.2; 1677.6; 2097,regular,Aktiviert Kanal; Lindert Schmerzen,Kopfschmerzen; Nackensteifigkeit; Armschmerzen,,
TE13,Naohui,Upper Arm Convergence,Oberarm-Zusammenkunft,TE,fire,"3 cun unter TE14, am hinteren Rand des Deltoideus",0.5-1 cun,426.3,852.6; 1278.9; 1705.2; 2131.5,regular,Transformiert Schleim; Zerstreut Stagnation,Skrofulose; Armschmerzen,,
TE14,Jianliao,Shoulder Bone Hole,Schulterknochen-Vertiefung,TE,fire,"Posterior und inferior zum Akromion, bei abduziertem Arm",0.5-1 cun,433.2,866.4; 1299.6; 1732.8; 2166,regular,Zerstreut Wind; Aktiviert Kanal,Schulterschmerzen; Schultersteifigkeit; Armlähmung,,
TE15,Tianliao,Celestial Bone Hole,Himmlische Knochenvertiefung,TE,fire,Auf der Mitte zwischen GB21 und SI13,0.5-1 cun,440.1,880.2; 1320.3; 1760.4; 2200.5,regular,Zerstreut Wind; Aktiviert Kanal,Nacken- und Schulterschmerzen; Armschmerzen,,
TE16,Tianyou,Celestial Window,Himmlisches Fenster,TE,fire,"Am Hinterrand des M. SCM, auf Höhe des Unterkieferwinkels",0.5-1 cun,447,894; 1341; 1788; 2235,regular,Zerstreut Wind; Erhellt Sinne,Gesichtsschwellung; Sehstörungen; Schwerhörigkeit,Vorsicht - Gefäße,
TE17,Yifeng,Wind Screen,Windschirm,TE,fire,"Hinter dem Ohrläppchen, zwischen Processus mastoideus und Unterkieferast",0.5-1 cun,453.9,907.8; 1361.7; 1815.6; 2269.5,regular,Zerstreut Wind; Öffnet Ohren; Lindert Schmerzen,Tinnitus; Schwerhörigkeit; Gesichtslähmung; Ohrenschmerzen,,ajna
TE18,Chimai,Spasm Vessel,Krampfgefäß,TE,fire,"In der Mitte des Processus mastoideus, an der Haargrenze",0.3-0.5 cun schräg oder Blutenlassen,460.8,921.6; 1382.4; 1843.2; 2304,regular,Zerstreut Wind; Lindert Schmerzen,Kopfschmerzen; Tinnitus; Kinderkrämpfe,,
TE19,Luxi,Skull Rest,Schädelruhe,TE,fire,"Am Hinterrand des Ohres, auf Höhe der Ohrmuschelmitte",0.3-0.5 cun schräg,467.7,935.4; 1403.1; 1870.8; 2338.5,regular,Zerstreut Wind; Lindert Schmerzen,Kopfschmerzen; Tinnitus; Ohrenschmerzen,,
TE20,Jiaosun,Minute Angle,Winziger Winkel,TE,fire,"An der Ohrspitze, an der Haargrenze",0.3-0.5 cun schräg,474.6,949.2; 1423.8; 1898.4; 2373,regular,Zerstreut Wind; Lindert Schwellung,Augenrötung; Zahnschmerzen; Ohrenschwellung,,
TE21,Ermen,Ear Gate,Ohrentor,TE,fire,"Vor der Incisura supratragica, bei geöffnetem Mund",0.5-1 cun,481.5,963; 1444.5; 1926; 2407.5,regular,Öffnet Ohren; Zerstreut Wind-Hitze,Tinnitus; Schwerhörigkeit; Ohrenschmerzen; Zahnschmerzen,,ajna
TE22,Heliao,Harmony Bone Hole,Harmonie-Knochenvertiefung,TE,fire,"An der Haargrenze, hinter der A. temporalis superficialis",0.3-0.5 cun schräg,488.4,976.8; 1465.2; 1953.6; 2442,regular,Zerstreut Wind; Aktiviert Kanal,Kopfschmerzen; Tinnitus; Kiefergelenksprobleme,Vorsicht - A. temporalis,
TE23,Sizhukong,Silk Bamboo Hole,Seidenbambus-Vertiefung,TE,fire,"Am lateralen Ende der Augenbraue, in der Vertiefung",0.3-0.5 cun schräg,495.3,990.6; 1485.9; 1981.2; 2476.5,regular,Zerstreut Wind; Erhellt Augen,Kopfschmerzen; Augenschmerzen; Gesichtslähmung; Epilepsie,,ajna
GB1,Tongziliao,Pupil Bone Hole,Pupillen-Knochenvertiefung,GB,wood,0.5 cun lateral des äußeren Augenwinkels,0.3-0.5 cun schräg,288,576; 864; 1152; 1440,regular,Zerstreut Wind-Hitze; Erhellt Augen,Augenerkrankungen; Kopfschmerzen; Gesichtslähmung,,ajna
GB2,Tinghui,Auditory Convergence,Hörvereinigung,GB,wood,"Vor der Incisura intertragica, bei geöffnetem Mund",0.5-1 cun,292.4,584.8; 877.2; 1169.6; 1462,regular,Öffnet Ohren; Zerstreut Wind-Hitze,Tinnitus; Schwerhörigkeit; Kiefergelenksprobleme; Gesichtslähmung,,
GB3,Shangguan,Upper Gate,Oberes Tor,GB,wood,"Oberhalb des Jochbogens, in der Vertiefung vor dem Ohr",0.3-0.5 cun,296.8,593.6; 890.4; 1187.2; 1484,regular,Zerstreut Wind; Lindert Schmerzen,Kopfschmerzen; Tinnitus; Zahnschmerzen; Gesichtslähmung,,
GB4,Hanyan,Jaw Serenity,Kieferruhe,GB,wood,"An der Schläfe, am Haaransatz, über der A. temporalis",0.3-0.5 cun schräg,301.2,602.4; 903.6; 1204.8; 1506,regular,Zerstreut Wind; Lindert Schmerzen,Migräne; Schwindel; Tinnitus,Vorsicht - A. temporalis,
GB5,Xuanlu,Suspended Skull,Aufgehängter Schädel,GB,wood,"An der Schläfe, auf halber Strecke zwischen ST8 und GB7",0.3-0.5 cun schräg,305.6,611.2; 916.8; 1222.4; 1528,regular,Zerstreut Wind-Hitze; Lindert Schmerzen,Migräne; Augenrötung; Zahnschmerzen,,
GB6,Xuanli,Suspended Tuft,Aufgehängter Büschel,GB,wood,"An der Schläfe, auf der Verbindung GB4-GB7",0.3-0.5 cun schräg,310,620; 930; 1240; 1550,regular,Zerstreut Wind; Lindert Schmerzen,Migräne; Augenrötung; Tinnitus,,
GB7,Qubin,Temporal Hairline Curve,Schläfenhaaransatzkurve,GB,wood,"An der Schläfe, auf der Horizontalen durch die Ohrspitze",0.3-0.5 cun schräg,314.4,628.8; 943.2; 1257.6; 1572,regular,Zerstreut Wind; Lindert Schmerzen,Kopfschmerzen; Kiefergelenksprobleme; Schwellung der Wange,,
GB8,Shuaigu,Leading Valley,Führendes Tal,GB,wood,1.5 cun über der Ohrspitze,0.3-0.5 cun schräg,318.8,637.6; 956.4; 1275.2; 1594,regular,Zerstreut Wind; Lindert Alkoholvergiftung,Migräne; Übelkeit; Erbrechen; Kinderkrämpfe,,
GB9,Tianchong,Celestial Hub,Himmlische Nabe,GB,wood,0.5 cun posterior zu GB8,0.3-0.5 cun schräg,323.2,646.4; 969.6; 1292.8; 1616,regular,Beruhigt Geist; Lindert Krämpfe,Epilepsie; Kopfschmerzen; Zahnfleischschwellung,,
GB10,Fubai,Floating White,Schwebendes Weiß,GB,wood,"Posterior und inferior zu GB9, an der Haargrenze",0.3-0.5 cun schräg,327.6,655.2; 982.8; 1310.4; 1638,regular,Zerstreut Wind; Öffnet Ohren,Kopfschmerzen; Tinnitus; Schwerhörigkeit,,
GB11,Head Qiaoyin,Head Orifice Yin,Kopf-Öffnungs-Yin,GB,wood,"Zwischen GB10 und GB12, an der Haargrenze",0.3-0.5 cun schräg,332,664; 996; 1328; 1660,regular,Zerstreut Wind; Öffnet Ohren,Kopfschmerzen; Tinnitus; Ohrenschmerzen,,
GB12,Wangu,Mastoid Process,Warzenfortsatz,GB,wood,In der Vertiefung posteroinferior zum Processus mastoideus,0.5-0.8 cun,336.4,672.8; 1009.2; 1345.6; 1682,regular,Zerstreut Wind; Beruhigt Geist,Kopfschmerzen; Schlaflosigkeit; Gesichtslähmung; Zahnschmerzen,,
GB13,Benshen,Root Spirit,Wurzelgeist,GB,wood,"0.5 cun hinter dem Haaransatz, 3 cun lateral der Mittellinie",0.3-0.5 cun schräg,340.8,681.6; 1022.4; 1363.2; 1704,regular,Beruhigt Geist; Zerstreut Wind,Kopfschmerzen; Schwindel; Epilepsie; Angst,,ajna
GB14,Yangbai,Yang White,Yang-Weiß,GB,wood,"1 cun über der Augenbraue, in der Pupillenlinie",0.3-0.5 cun schräg,345.2,690.4; 1035.6; 1380.8; 1726,regular,Zerstreut Wind; Erhellt Augen,Kopfschmerzen; Augenschmerzen; Gesichtslähmung; Zucken der Augenlider,,ajna
GB15,Head Linqi,Head Overlooking Tears,Kopf-Tränenübersicht,GB,wood,"0.5 cun hinter dem Haaransatz, in der Pupillenlinie",0.3-0.5 cun schräg,349.6,699.2; 1048.8; 1398.4; 1748,regular,Erhellt Augen; Lindert Schmerzen,Kopfschmerzen; Augenerkrankungen; verstopfte Nase,,
GB16,Muchuang,Eye Window,Augenfenster,GB,wood,"1.5 cun hinter dem Haaransatz, in der Pupillenlinie",0.3-0.5 cun schräg,354,708; 1062; 1416; 1770,regular,Erhellt Augen; Zerstreut Wind,Kopfschmerzen; Augenrötung; Gesichtsschwellung,,
GB17,Zhengying,Upright Construction,Aufrechte Konstruktion,GB,wood,"2.5 cun hinter dem Haaransatz, in der Pupillenlinie",0.3-0.5 cun schräg,358.4,716.8; 1075.2; 1433.6; 1792,regular,Zerstreut Wind; Lindert Schmerzen,Kopfschmerzen; Schwindel; Zahnschmerzen,,
GB18,Chengling,Spirit Support,Geistunterstützung,GB,wood,"4 cun hinter dem Haaransatz, in der Pupillenlinie",0.3-0.5 cun schräg,362.8,725.6; 1088.4; 1451.2; 1814,regular,Beruhigt Geist; Öffnet Nase,Kopfschmerzen; Rhinitis; Nasenbluten; Asthma,,
GB19,Naokong,Brain Hollow,Gehirnhöhle,GB,wood,"Auf Höhe von DU17, 2.25 cun lateral der Mittellinie",0.3-0.5 cun schräg,367.2,734.4; 1101.6; 1468.8; 1836,regular,Zerstreut Wind; Lindert Schmerzen,Kopfschmerzen; Nackensteifigkeit; Schwindel; Epilepsie,,
GB20,Fengchi,Wind Pool,Windteich,GB,wood,"Unter dem Hinterhaupt, zwischen M. SCM und M. trapezius",0.8-1.2 cun zur Nasenspitze,371.6,743.2; 1114.8; 1486.4; 1858,regular,Zerstreut Wind; Unterdrückt Yang; Erhellt Sinne; Lindert Schmerzen,Kopfschmerzen; Schwindel; Erkältung; Nackensteifigkeit; Hypertonie,,ajna
GB21,Jianjing,Shoulder Well,Schulterbrunnen,GB,wood,Auf der Mitte zwischen Akromion und Dornfortsatz C7,0.5-1 cun,376,752; 1128; 1504; 1880,regular,Zerstreut Wind; Aktiviert Kanal; Fördert Laktation,Schulterschmerzen; Nackensteifigkeit; Mastitis; verzögerte Geburt,Kontraindiziert in der Schwangerschaft - kann Wehen auslösen,vishuddha
GB22,Yuanye,Armpit Abyss,Achselhöhlenabgrund,GB,wood,"3 cun unter der Achselhöhle, auf der mittleren Axillarlinie",0.3-0.5 cun schräg,380.4,760.8; 1141.2; 1521.6; 1902,regular,Reguliert Qi; Lindert Schwellung,Rippenschmerzen; Armschwellung; Achselschwellung,Nicht tief stechen,
GB23,Zhejin,Sinew Seat,Sehnensitz,GB,wood,"1 cun anterior zu GB22, auf Höhe der Brustwarze",0.3-0.5 cun schräg,384.8,769.6; 1154.4; 1539.2; 1924,regular,Reguliert Qi; Entspannt Sehnen,Rippenschmerzen; Asthma; Erbrechen,Nicht tief stechen,
GB24,Riyue,Sun and Moon,Sonne und Mond,GB,wood,"Im 7. ICR, auf der Mamillarlinie",0.5-0.8 cun schräg,389.2,778.4; 1167.6; 1556.8; 1946,mu_front,Reguliert Leber und Gallenblase; Harmonisiert Shaoyang,Gallenblasenentzündung; Rippenschmerzen; Erbrechen; bitterer Mundgeschmack,Nicht tief stechen,
GB25,Jingmen,Capital Gate,Hauptstadttor,GB,wood,An der Spitze der 12. Rippe,0.5-1 cun,393.6,787.2; 1180.8; 1574.4; 1968,mu_front,Stärkt Nieren; Reguliert Wasserwege,Lendenschmerzen; Harnprobleme; Rippenschmerzen,,
GB26,Daimai,Girdling Vessel,Gürtelgefäß,GB,wood,"Auf der Höhe des Nabels, unter LR13",0.5-1 cun,398,796; 1194; 1592; 1990,regular,Reguliert Dai Mai; Reguliert Menstruation,Menstruationsstörungen; Leukorr; Lendenschmerzen; Hernie,,
GB27,Wushu,Five Pivots,Fünf Drehpunkte,GB,wood,"3 cun unter dem Nabel, auf Höhe von REN4, lateral der Spina iliaca",0.5-1 cun,402.4,804.8; 1207.2; 1609.6; 2012,regular,Reguliert Dai Mai; Stärkt Lendenbereich,Leistenschmerzen; Hernie; Leukorr; Verstopfung,,
GB28,Weidao,Linking Path,Verbindungspfad,GB,wood,0.5 cun anterior und inferior zu GB27,0.5-1 cun,406.8,813.6; 1220.4; 1627.2; 2034,regular,Reguliert Dai Mai; Lindert Schmerzen,Leistenschmerzen; Leukorr; Prolaps,,
GB29,Juliao,Stationary Crevice,Stationäre Spalte,GB,wood,Auf der Mitte zwischen Spina iliaca anterior superior und Trochanter major,1-1.5 cun,411.2,822.4; 1233.6; 1644.8; 2056,regular,Zerstreut Wind-Feuchtigkeit; Aktiviert Kanal,Hüftschmerzen; Beinlähmung; Lendenschmerzen,,
GB30,Huantiao,Jumping Circle,Springender Kreis,GB,wood,"Am Gesäß, am Schnittpunkt des lateralen und mittleren Drittels zwischen Trochanter major und Hiatus sacralis",2-3 cun,415.6,831.2; 1246.8; 1662.4; 2078,regular,Zerstreut Wind-Feuchtigkeit; Stärkt Lendenbereich und Beine,Ischias; Hüftschmerzen; Beinlähmung; Hauterkrankungen,,muladhara
GB31,Fengshi,Wind Market,Windmarkt,GB,wood,"Lateral am Oberschenkel, wo die Mittelfingerspitze bei herabhängendem Arm endet",1-2 cun,420,840; 1260; 1680; 2100,regular,Zerstreut Wind; Lindert Juckreiz,Beinschmerzen; Lähmung; Urtikaria; Pruritus,,
GB32,Zhongdu,Central River,Zentraler Fluss,GB,wood,"5 cun über dem lateralen Kniegelenk, zwischen Vastus lateralis und Bizeps femoris",1-2 cun,424.4,848.8; 1273.2; 1697.6; 2122,regular,Zerstreut Wind; Aktiviert Kanal,Oberschenkelschmerzen; Beinlähmung; Knieschmerzen,,
GB33,Xiyangguan,Knee Yang Joint,Knie-Yang-Gelenk,GB,wood,"3 cun über GB34, in der Vertiefung zwischen Femur und Bizepssehne",0.5-1 cun,428.8,857.6; 1286.4; 1715.2; 2144,regular,Zerstreut Wind-Feuchtigkeit; Lindert Knieschmerzen,Knieschmerzen; Kniesteifigkeit; Unterschenkelschmerzen,,
GB34,Yanglingquan,Yang Mound Spring,Yang-Hügel-Quelle,GB,wood,In der Vertiefung vor und unter dem Fibulaköpfchen,1-1.5 cun,433.2,866.4; 1299.6; 1732.8; 2166,he_sea; hui_meeting,Entspannt Sehnen; Reguliert Leber und Gallenblase; Zerstreut Feuchtigkeit,Knieschmerzen; Rippenschmerzen; Beinlähmung; Gallenblasenerkrankungen,,manipura
GB35,Yangjiao,Yang Intersection,Yang-Kreuzung,GB,wood,"7 cun über dem Außenknöchel, am Hinterrand der Fibula",0.5-1 cun,437.6,875.2; 1312.8; 1750.4; 2188,xi_cleft,Beruhigt Geist; Aktiviert Kanal,Knieschmerzen; Brustschmerzen; Angst; Manie,,
GB36,Waiqiu,Outer Hill,Äußerer Hügel,GB,wood,"7 cun über dem Außenknöchel, am Vorderrand der Fibula",0.5-1 cun,442,884; 1326; 1768; 2210,xi_cleft,Aktiviert Kanal; Lindert Schmerzen,Nackensteifigkeit; Brustschmerzen; Unterschenkelschmerzen,,
GB37,Guangming,Bright Light,Helles Licht,GB,wood,"5 cun über dem Außenknöchel, am Vorderrand der Fibula",0.5-1 cun,446.4,892.8; 1339.2; 1785.6; 2232,luo_connecting,Erhellt Augen; Zerstreut Wind-Hitze,Augenerkrankungen; Nachtblindheit; Brustschmerzen; Unterschenkelschmerzen,,ajna
GB38,Yangfu,Yang Assistance,Yang-Hilfe,GB,wood,"4 cun über dem Außenknöchel, am Vorderrand der Fibula",0.5-1 cun,450.8,901.6; 1352.4; 1803.2; 2254,jing_river,Zerstreut Wind-Hitze; Aktiviert Kanal,Migräne; Augenaußenwinkelschmerzen; Knöchelschmerzen,,
GB39,Xuanzhong,Suspended Bell,Aufgehängte Glocke,GB,wood,"3 cun über dem Außenknöchel, am Hinterrand der Fibula",0.5-1 cun,455.2,910.4; 1365.6; 1820.8; 2276,hui_meeting,Nährt Mark; Stärkt Knochen; Aktiviert Kanal,Nackenschmerzen; Knöchelschmerzen; Knochenerkrankungen; Hemiplegie,,
GB40,Qiuxu,Hill Ruins,Hügelruinen,GB,wood,"Vor und unter dem Außenknöchel, in der Vertiefung lateral der Sehne",0.5-1 cun,459.6,919.2; 1378.8; 1838.4; 2298,yuan_source,Reguliert Leber und Gallenblase; Aktiviert Kanal,Knöchelschmerzen; Rippenschmerzen; bitterer Mundgeschmack; Gallenblasenerkrankungen,,
GB41,Foot Linqi,Foot Overlooking Tears,Fußtränenübersicht,GB,wood,"Auf dem Fußrücken, proximal des 4. und 5. Metatarsale",0.3-0.5 cun,464,928; 1392; 1856; 2320,shu_stream; confluent,Öffnet Dai Mai; Reguliert Leber-Qi; Lindert Schmerzen,Kopfschmerzen; Augenrötung; Brustschmerzen; Menstruationsstörungen,,svadhisthana
GB42,Diwuhui,Earth Fivefold Convergence,Fünffache Erdenvereinigung,GB,wood,"Zwischen 4. und 5. Metatarsale, distal von GB41",0.3-0.5 cun,468.4,936.8; 1405.2; 1873.6; 2342,regular,Reguliert Qi; Lindert Schwellung,Mastitis; Augenrötung; Fußrückenschmerzen,,
GB43,Xiaxi,Pinched Ravine,Eingeklemmte Schlucht,GB,wood,"Zwischen 4. und 5. Zehe, proximal des Schwimmhautrandes",0.3-0.5 cun,472.8,945.6; 1418.4; 1891.2; 2364,ying_spring,Klärt Hitze; Zerstreut Wind,Kopfschmerzen; Schwindel; Tinnitus; Brustschmerzen,,
GB44,Foot Qiaoyin,Foot Yin Portals,Fußyinportale,GB,wood,"Am 4. Zeh, 0.1 cun lateral des Nagelwinkels",0.1 cun oder Blutenlassen,477.2,954.4; 1431.6; 1908.8; 2386,jing_well,Klärt Hitze; Unterdrückt Yang; Beruhigt Geist,Kopfschmerzen; Tinnitus; Schlaflosigkeit; Rippenschmerzen,,
LR1,Dadun,Large Pile,Großer Haufen,LR,wood,"Am großen Zeh, 0.1 cun proximal des lateralen Nagelwinkels",0.1-0.2 cun oder Blutenlassen,288,576; 864; 1152; 1440,jing_well,Reguliert Leber-Qi; Reguliert untere Körperöffnungen,Hernie; Uterusblutung; Enuresis; Epilepsie,,muladhara
LR2,Xingjian,Moving Between,Dazwischen Bewegen,LR,wood,"Zwischen 1. und 2. Zehe, proximal des Schwimmhautrandes",0.5-1 cun,295.4,590.8; 886.2; 1181.6; 1477,ying_spring,Klärt Leber-Feuer; Kühlt Blut; Beruhigt Leber-Yang,Kopfschmerzen; Augenrötung; Schlaflosigkeit; Menstruationsstörungen,,
LR3,Taichong,Supreme Rushing,Höchstes Drängen,LR,wood,"Auf dem Fußrücken, zwischen 1. und 2. Metatarsale, in der Vertiefung distal ihrer Verbindung",0.5-1 cun,302.8,605.6; 908.4; 1211.2; 1514,shu_stream; yuan_source,Reguliert Leber-Qi; Unterdrückt Leber-Yang; Nährt Leber-Blut,Kopfschmerzen; Schwindel; Augenkrankheiten; Menstruationsstörungen; Reizbarkeit,,manipura
LR4,Zhongfeng,Mound Center,Hügelmitte,LR,wood,"Vor dem medialen Malleolus, medial der Sehne des M. tibialis anterior",0.5-1 cun,310.2,620.4; 930.6; 1240.8; 1551,jing_river,Reguliert Leber-Qi; Zerstreut Stagnation,Hernie; Lendenschmerzen; Harnverhalt; Knöchelschmerzen,,
LR5,Ligou,Woodworm Canal,Holzwurmkanal,LR,wood,"5 cun über dem medialen Malleolus, am Hinterrand der Tibia",0.5-1 cun,317.6,635.2; 952.8; 1270.4; 1588,luo_connecting,Reguliert Leber-Qi; Reguliert Menstruation,Menstruationsstörungen; Leukorr; Hernie; Harnprobleme,,
LR6,Zhongdu,Central Metropolis,Zentrale Metropole,LR,wood,"7 cun über dem medialen Malleolus, am Hinterrand der Tibia",0.5-1 cun,325,650; 975; 1300; 1625,xi_cleft,Reguliert Leber-Qi; Stoppt Blutungen,Menorrhagie; Hernie; Bauchschmerzen,,
LR7,Xiguan,Knee Joint,Kniegelenk,LR,wood,1 cun posterior und inferior des medialen Tibiakondylus,0.5-1 cun,332.4,664.8; 997.2; 1329.6; 1662,regular,Zerstreut Wind-Feuchtigkeit; Lindert Schmerzen,Knieschmerzen; Unterschenkelschmerzen,,
LR8,Ququan,Spring at the Bend,Quelle an der Beuge,LR,wood,"Am medialen Ende der Kniekehle, bei gebeugtem Knie, am Hinterrand des medialen Tibiakondylus",1-1.5 cun,339.8,679.6; 1019.4; 1359.2; 1699,he_sea,Nährt Leber-Blut; Reguliert Menstruation; Löst Feuchtigkeit,Menstruationsstörungen; Leukorr; Knieschmerzen; Impotenz,,svadhisthana
LR9,Yinbao,Yin Wrapping,Yin-Umhüllung,LR,wood,"4 cun über dem medialen Knie, zwischen M. sartorius und M. gracilis",0.5-1 cun,347.2,694.4; 1041.6; 1388.8; 1736,regular,Reguliert untere Körperöffnungen,Lendenschmerzen; Hernie; Menstruationsstörungen,,
LR10,Foot Wuli,Foot Five Miles,Fünf Meilen des Fußes,LR,wood,"3 cun unter ST30, am medialen Rand des M. adductor longus",0.5-1 cun,354.6,709.2; 1063.8; 1418.4; 1773,regular,Reguliert Leber-Qi,Hernie; Lendenschmerzen; Harnverhalt,,
LR11,Yinlian,Yin Corner,Yin-Ecke,LR,wood,"2 cun unter ST30, am medialen Rand des M. adductor longus",0.5-1 cun,362,724; 1086; 1448; 1810,regular,Reguliert Menstruation,Menstruationsstörungen; Leistenschmerzen,,
LR12,Jimai,Urgent Pulse,Dringender Puls,LR,wood,"2.5 cun lateral der Mittellinie, lateral der A. femoralis",0.5-1 cun,369.4,738.8; 1108.2; 1477.6; 1847,regular,Reguliert Leber-Qi; Lindert Schmerzen,Hernie; Leistenschmerzen; Genitalbeschwerden,Vorsicht - A. femoralis,
LR13,Zhangmen,Camphorwood Gate,Kampferholztor,LR,wood,An der Spitze der 11. Rippe,0.5-1 cun,376.8,753.6; 1130.4; 1507.2; 1884,mu_front; hui_meeting,Harmonisiert Leber und Milz; Stärkt Milz; Reguliert Qi,Bauchschmerzen; Durchfall; Rippenschmerzen; Hepatosplenomegalie,,manipura
LR14,Qimen,Cycle Gate,Zyklustor,LR,wood,"Im 6. ICR, auf der Mamillarlinie",0.5-0.8 cun schräg,384.2,768.4; 1152.6; 1536.8; 1921,mu_front,Reguliert Leber-Qi; Belebt Blut; Harmonisiert Magen,Rippenschmerzen; Brustschmerzen; Mastitis; Depression,Nicht tief stechen,anahata
DU1,Changqiang,Long Strong,Lange Stärke,DU,water,Auf der Mittellinie zwischen Steißbein und Anus,0.5-1 cun schräg nach oben,136.1,272.2; 408.3; 544.4; 680.5,luo_connecting,Reguliert Du Mai und Ren Mai; Beruhigt Geist,Hämorrhoiden; Prolaps; Epilepsie; Rückenschmerzen,,muladhara
DU4,Mingmen,Gate of Life,Lebenstor,DU,water,Unter dem Dornfortsatz L2,0.5-1 cun,147.85,295.7; 443.55; 591.4; 739.25,regular,Tonisiert Nieren-Yang; Stärkt Essenz; Wärmt das Tor des Lebens,Lendenschmerzen; Impotenz; Unfruchtbarkeit; Erschöpfung,,svadhisthana
DU14,Dazhui,Great Hammer,Großer Wirbel,DU,fire,Unter dem Dornfortsatz C7,0.5-1 cun,183.58,367.16; 550.74; 734.32; 917.9,hui_meeting,Klärt Hitze; Zerstreut Wind; Reguliert Yang,Fieber; Nackensteifigkeit; Malaria; Epilepsie,,vishuddha
DU20,Baihui,Hundred Convergences,Hundert Treffen,DU,fire,"Auf dem Scheitel, auf der Verbindung der Ohrspitzen",0.5-1 cun schräg,221.23,442.46; 663.69; 884.92; 1106.15,regular,Hebt Yang; Beruhigt Geist; Erhellt Sinne,Kopfschmerzen; Schwindel; Prolaps; Depression,,sahasrara
DU26,Shuigou,Water Trough,Wassertrog,DU,water,"Im Philtrum, am Übergang des oberen zum mittleren Drittel",0.3-0.5 cun schräg nach oben,194.18,388.36; 582.54; 776.72; 970.9,regular,Belebt Bewusstsein; Zerstreut Hitze; Lindert akute Schmerzen,Bewusstlosigkeit; Schock; Epilepsie; Hexenschuss,,ajna
REN1,Huiyin,Meeting of Yin,Treffen des Yin,REN,water,In der Mitte des Perineums,0.5-1 cun,141.27,282.54; 423.81; 565.08; 706.35,regular,Nährt Yin; Belebt Bewusstsein; Reguliert untere Öffnungen,Harnverhalt; Prolaps; Impotenz; Bewusstlosigkeit,,muladhara
REN4,Guanyuan,Origin Pass,Grenztor des Ursprungs,REN,water,3 cun unter dem Nabel,1-2 cun,152.8,305.6; 458.4; 611.2; 764,mu_front,Stärkt Yuan-Qi; Tonisiert Nieren; Nährt Blut,Unfruchtbarkeit; Impotenz; Dysmenorrhoe; Erschöpfung,,svadhisthana
REN6,Qihai,Sea of Qi,Meer des Qi,REN,water,1.5 cun unter dem Nabel,1-2 cun,158.4,316.8; 475.2; 633.6; 792,regular,Tonisiert Qi; Reguliert Qi-Bewegung,Erschöpfung; Depression; Bauchschmerzen; Hernie,,svadhisthana
REN12,Zhongwan,Central Venter,Mittlerer Bauch,REN,earth,4 cun über dem Nabel,1-2 cun,170.6,341.2; 511.8; 682.4; 853,mu_front; hui_meeting,Harmonisiert Magen; Stärkt Milz; Reguliert Qi,Magenschmerzen; Übelkeit; Erbrechen; Appetitlosigkeit,,manipura
REN17,Tanzhong,Chest Center,Brustmitte,REN,fire,"Auf dem Sternum, auf Höhe des 4. ICR",0.3-0.5 cun schräg,183.58,367.16; 550.74; 734.32; 917.9,mu_front; hui_meeting,Reguliert Qi; Unblockt Brust; Fördert Laktation,Brustschmerzen; Asthma; Mastitis; Herzbeschwerden,,anahata
REN22,Tiantu,Celestial Chimney,Himmelskamin,REN,metal,In der Mitte der suprasternalen Fossa,0.3-0.5 cun nach hinten und unten,194.71,389.42; 584.13; 778.84; 973.55,regular,Unblockt Kehle; Senkt rebellierendes Qi,Husten; Asthma; Heiserkeit; Globusgefühl,Vorsicht - Trachea,vishuddha
REN24,Chengjiang,Container of Fluids,Flüssigkeitsbehälter,REN,water,In der Mitte der mentolabial Furche,0.2-0.3 cun,205.88,411.76; 617.64; 823.52; 1029.4,regular,Zerstreut Wind; Aktiviert Kollateralen,Gesichtslähmung; Speichelfluss; Zahnfleischschwellung,,
EX-HN1,Sishencong,Four Spirit Cleverness,Vier Geister der Klugheit,EXTRA,fire,"4 Punkte, je 1 cun vor, hinter und seitlich von DU20",0.5-0.8 cun schräg,432,864; 1296; 1728; 2160,extra,Beruhigt Geist; Klärt Kopf,Kopfschmerzen; Schwindel; Schlaflosigkeit; Gedächtnisprobleme,,sahasrara
EX-HN3,Yintang,Hall of Impression,Halle des Eindrucks,EXTRA,fire,Auf der Mittellinie zwischen den Augenbrauen,0.3-0.5 cun schräg nach unten,432,864; 1296; 1728; 2160,extra,Beruhigt Geist; Zerstreut Wind; Lindert Schmerzen,Kopfschmerzen; Rhinitis; Schlaflosigkeit; Angst,,ajna
EX-HN5,Taiyang,Supreme Yang,Höchstes Yang,EXTRA,fire,In der Vertiefung etwa 1 cun lateral des äußeren Augenwinkels,0.3-0.5 cun oder Blutenlassen,384,768; 1152; 1536; 1920,extra,Zerstreut Wind; Klärt Hitze; Lindert Schmerzen,Kopfschmerzen; Migräne; Augenerkrankungen; Trigeminusneuralgie,,
EX-B1,Dingchuan,Stop Asthma,Asthma stoppen,EXTRA,metal,0.5 cun lateral von DU14,0.5-1 cun,384,768; 1152; 1536; 1920,extra,Lindert Asthma; Senkt rebellierendes Qi,Asthma; Husten; Nackensteifigkeit,,
EX-B2,Jiaji,Huatuojiaji,Huatuo-Paravertebral-Punkte,EXTRA,water,0.5 cun lateral der Dornfortsätze C1-L5 (34 Punkte),0.5-1 cun,256,512; 768; 1024; 1280,extra,Reguliert Organe; Entspannt Sehnen,Rückenschmerzen; Organerkrankungen; Paralyse,,
EX-UE7,Yaotongxue,Lumbar Pain Point,Lendenschmerzpunkt,EXTRA,water,2 Punkte auf dem Handrücken zwischen 2./3. und 4./5. Metakarpale,0.5-0.8 cun,192,384; 576; 768; 960,extra,Belebt Blut; Lindert Schmerzen,Akute Lendenschmerzen; Hexenschuss,,
EX-UE9,Baxie,Eight Evils,Acht Übel,EXTRA,metal,8 Punkte auf dem Handrücken zwischen den Fingern,0.5-0.8 cun,341.3,682.6; 1023.9; 1365.2; 1706.5,extra,Zerstreut Hitze; Lindert Schwellung,Fingerschmerzen; Taubheitsgefühl; Fieber,,
EX-UE10,Sifeng,Four Seams,Vier Nähte,EXTRA,earth,4 Punkte auf der palmaren Seite der Finger 2-5,Stich mit Blutenlassen,256,512; 768; 1024; 1280,extra,Löst Stagnation; Fördert Verdauung,Kindliche Unterernährung; Verdauungsstörungen; Keuchhusten,,
EX-UE11,Shixuan,Ten Dispersions,Zehn Zerstreuungen,EXTRA,fire,10 Punkte an den Fingerspitzen,0.1 cun oder Blutenlassen,341.3,682.6; 1023.9; 1365.2; 1706.5,extra,Klärt Hitze; Belebt Bewusstsein,Hohes Fieber; Bewusstlosigkeit; Schock; Epilepsie,,
EX-LE4,Neixiyan,Inner Knee Eye,Inneres Knieauge,EXTRA,earth,Mediale Vertiefung des Kniegelenks bei gebeugtem Knie,0.5-1 cun,288,576; 864; 1152; 1440,extra,Aktiviert Kollateralen; Lindert Schmerzen,Knieschmerzen; Gonarthrose,,
EX-LE5,Xiyan,Knee Eyes,Knieaugen,EXTRA,earth,Laterale Vertiefung des Kniegelenks bei gebeugtem Knie,0.5-1 cun,288,576; 864; 1152; 1440,extra,Aktiviert Kollateralen; Lindert Schmerzen,Knieschmerzen; Gonarthrose; Kniegelenkerguss,,
EX-LE10,Bafeng,Eight Winds,Acht Winde,EXTRA,metal,8 Punkte auf dem Fußrücken zwischen den Zehen,0.5-0.8 cun,384,768; 1152; 1536; 1920,extra,Zerstreut Wind; Aktiviert Kollateralen,Fußschmerzen; Taubheitsgefühl; Schwellung,,